"","country","iso2c"
"1","Aruba","AW"
"2","Aruba","AW"
"3","Aruba","AW"
"4","Aruba","AW"
"5","Aruba","AW"
"6","Aruba","AW"
"7","Aruba","AW"
"8","Aruba","AW"
"9","Aruba","AW"
"10","Aruba","AW"
"11","Aruba","AW"
"12","Aruba","AW"
"13","Aruba","AW"
"14","Afghanistan","AF"
"15","Afghanistan","AF"
"16","Afghanistan","AF"
"17","Afghanistan","AF"
"18","Afghanistan","AF"
"19","Afghanistan","AF"
"20","Afghanistan","AF"
"21","Afghanistan","AF"
"22","Afghanistan","AF"
"23","Afghanistan","AF"
"24","Afghanistan","AF"
"25","Afghanistan","AF"
"26","Afghanistan","AF"
"27","Afghanistan","AF"
"28","Afghanistan","AF"
"29","Afghanistan","AF"
"30","Afghanistan","AF"
"31","Afghanistan","AF"
"32","Angola","AO"
"33","Angola","AO"
"34","Angola","AO"
"35","Angola","AO"
"36","Angola","AO"
"37","Angola","AO"
"38","Angola","AO"
"39","Angola","AO"
"40","Angola","AO"
"41","Angola","AO"
"42","Angola","AO"
"43","Angola","AO"
"44","Angola","AO"
"45","Angola","AO"
"46","Angola","AO"
"47","Angola","AO"
"48","Angola","AO"
"49","Angola","AO"
"50","Albania","AL"
"51","Albania","AL"
"52","Albania","AL"
"53","Albania","AL"
"54","Albania","AL"
"55","Albania","AL"
"56","Albania","AL"
"57","Albania","AL"
"58","Albania","AL"
"59","Albania","AL"
"60","Albania","AL"
"61","Albania","AL"
"62","Albania","AL"
"63","Albania","AL"
"64","Albania","AL"
"65","Albania","AL"
"66","Albania","AL"
"67","Albania","AL"
"68","Andorra","AD"
"69","Andorra","AD"
"70","Andorra","AD"
"71","Andorra","AD"
"72","Andorra","AD"
"73","Andorra","AD"
"74","Andorra","AD"
"75","Andorra","AD"
"76","Andorra","AD"
"77","Andorra","AD"
"78","Andorra","AD"
"79","Andorra","AD"
"80","Andorra","AD"
"81","Andorra","AD"
"82","Andorra","AD"
"83","Andorra","AD"
"84","Andorra","AD"
"85","Andorra","AD"
"86","United Arab Emirates","AE"
"87","United Arab Emirates","AE"
"88","United Arab Emirates","AE"
"89","United Arab Emirates","AE"
"90","United Arab Emirates","AE"
"91","United Arab Emirates","AE"
"92","United Arab Emirates","AE"
"93","United Arab Emirates","AE"
"94","United Arab Emirates","AE"
"95","United Arab Emirates","AE"
"96","United Arab Emirates","AE"
"97","United Arab Emirates","AE"
"98","United Arab Emirates","AE"
"99","United Arab Emirates","AE"
"100","United Arab Emirates","AE"
"101","United Arab Emirates","AE"
"102","United Arab Emirates","AE"
"103","United Arab Emirates","AE"
"104","Argentina","AR"
"105","Argentina","AR"
"106","Argentina","AR"
"107","Argentina","AR"
"108","Argentina","AR"
"109","Argentina","AR"
"110","Argentina","AR"
"111","Argentina","AR"
"112","Argentina","AR"
"113","Argentina","AR"
"114","Argentina","AR"
"115","Argentina","AR"
"116","Argentina","AR"
"117","Argentina","AR"
"118","Argentina","AR"
"119","Argentina","AR"
"120","Argentina","AR"
"121","Argentina","AR"
"122","Armenia","AM"
"123","Armenia","AM"
"124","Armenia","AM"
"125","Armenia","AM"
"126","Armenia","AM"
"127","Armenia","AM"
"128","Armenia","AM"
"129","Armenia","AM"
"130","Armenia","AM"
"131","Armenia","AM"
"132","Armenia","AM"
"133","Armenia","AM"
"134","Armenia","AM"
"135","Armenia","AM"
"136","Armenia","AM"
"137","Armenia","AM"
"138","Armenia","AM"
"139","Armenia","AM"
"140","American Samoa","AS"
"141","American Samoa","AS"
"142","American Samoa","AS"
"143","American Samoa","AS"
"144","American Samoa","AS"
"145","American Samoa","AS"
"146","American Samoa","AS"
"147","American Samoa","AS"
"148","American Samoa","AS"
"149","American Samoa","AS"
"150","American Samoa","AS"
"151","American Samoa","AS"
"152","American Samoa","AS"
"153","Antigua and Barbuda","AG"
"154","Antigua and Barbuda","AG"
"155","Antigua and Barbuda","AG"
"156","Antigua and Barbuda","AG"
"157","Antigua and Barbuda","AG"
"158","Antigua and Barbuda","AG"
"159","Antigua and Barbuda","AG"
"160","Antigua and Barbuda","AG"
"161","Antigua and Barbuda","AG"
"162","Antigua and Barbuda","AG"
"163","Antigua and Barbuda","AG"
"164","Antigua and Barbuda","AG"
"165","Antigua and Barbuda","AG"
"166","Antigua and Barbuda","AG"
"167","Antigua and Barbuda","AG"
"168","Antigua and Barbuda","AG"
"169","Antigua and Barbuda","AG"
"170","Antigua and Barbuda","AG"
"171","Australia","AU"
"172","Australia","AU"
"173","Australia","AU"
"174","Australia","AU"
"175","Australia","AU"
"176","Australia","AU"
"177","Australia","AU"
"178","Australia","AU"
"179","Australia","AU"
"180","Australia","AU"
"181","Australia","AU"
"182","Australia","AU"
"183","Australia","AU"
"184","Australia","AU"
"185","Australia","AU"
"186","Australia","AU"
"187","Australia","AU"
"188","Australia","AU"
"189","Austria","AT"
"190","Austria","AT"
"191","Austria","AT"
"192","Austria","AT"
"193","Austria","AT"
"194","Austria","AT"
"195","Austria","AT"
"196","Austria","AT"
"197","Austria","AT"
"198","Austria","AT"
"199","Austria","AT"
"200","Austria","AT"
"201","Austria","AT"
"202","Austria","AT"
"203","Austria","AT"
"204","Austria","AT"
"205","Austria","AT"
"206","Austria","AT"
"207","Azerbaijan","AZ"
"208","Azerbaijan","AZ"
"209","Azerbaijan","AZ"
"210","Azerbaijan","AZ"
"211","Azerbaijan","AZ"
"212","Azerbaijan","AZ"
"213","Azerbaijan","AZ"
"214","Azerbaijan","AZ"
"215","Azerbaijan","AZ"
"216","Azerbaijan","AZ"
"217","Azerbaijan","AZ"
"218","Azerbaijan","AZ"
"219","Azerbaijan","AZ"
"220","Azerbaijan","AZ"
"221","Azerbaijan","AZ"
"222","Azerbaijan","AZ"
"223","Azerbaijan","AZ"
"224","Azerbaijan","AZ"
"225","Burundi","BI"
"226","Burundi","BI"
"227","Burundi","BI"
"228","Burundi","BI"
"229","Burundi","BI"
"230","Burundi","BI"
"231","Burundi","BI"
"232","Burundi","BI"
"233","Burundi","BI"
"234","Burundi","BI"
"235","Burundi","BI"
"236","Burundi","BI"
"237","Burundi","BI"
"238","Burundi","BI"
"239","Burundi","BI"
"240","Burundi","BI"
"241","Burundi","BI"
"242","Burundi","BI"
"243","Belgium","BE"
"244","Belgium","BE"
"245","Belgium","BE"
"246","Belgium","BE"
"247","Belgium","BE"
"248","Belgium","BE"
"249","Belgium","BE"
"250","Belgium","BE"
"251","Belgium","BE"
"252","Belgium","BE"
"253","Belgium","BE"
"254","Belgium","BE"
"255","Belgium","BE"
"256","Belgium","BE"
"257","Belgium","BE"
"258","Belgium","BE"
"259","Belgium","BE"
"260","Belgium","BE"
"261","Benin","BJ"
"262","Benin","BJ"
"263","Benin","BJ"
"264","Benin","BJ"
"265","Benin","BJ"
"266","Benin","BJ"
"267","Benin","BJ"
"268","Benin","BJ"
"269","Benin","BJ"
"270","Benin","BJ"
"271","Benin","BJ"
"272","Benin","BJ"
"273","Benin","BJ"
"274","Benin","BJ"
"275","Benin","BJ"
"276","Benin","BJ"
"277","Benin","BJ"
"278","Benin","BJ"
"279","Burkina Faso","BF"
"280","Burkina Faso","BF"
"281","Burkina Faso","BF"
"282","Burkina Faso","BF"
"283","Burkina Faso","BF"
"284","Burkina Faso","BF"
"285","Burkina Faso","BF"
"286","Burkina Faso","BF"
"287","Burkina Faso","BF"
"288","Burkina Faso","BF"
"289","Burkina Faso","BF"
"290","Burkina Faso","BF"
"291","Burkina Faso","BF"
"292","Burkina Faso","BF"
"293","Burkina Faso","BF"
"294","Burkina Faso","BF"
"295","Burkina Faso","BF"
"296","Burkina Faso","BF"
"297","Bangladesh","BD"
"298","Bangladesh","BD"
"299","Bangladesh","BD"
"300","Bangladesh","BD"
"301","Bangladesh","BD"
"302","Bangladesh","BD"
"303","Bangladesh","BD"
"304","Bangladesh","BD"
"305","Bangladesh","BD"
"306","Bangladesh","BD"
"307","Bangladesh","BD"
"308","Bangladesh","BD"
"309","Bangladesh","BD"
"310","Bangladesh","BD"
"311","Bangladesh","BD"
"312","Bangladesh","BD"
"313","Bangladesh","BD"
"314","Bangladesh","BD"
"315","Bulgaria","BG"
"316","Bulgaria","BG"
"317","Bulgaria","BG"
"318","Bulgaria","BG"
"319","Bulgaria","BG"
"320","Bulgaria","BG"
"321","Bulgaria","BG"
"322","Bulgaria","BG"
"323","Bulgaria","BG"
"324","Bulgaria","BG"
"325","Bulgaria","BG"
"326","Bulgaria","BG"
"327","Bulgaria","BG"
"328","Bulgaria","BG"
"329","Bulgaria","BG"
"330","Bulgaria","BG"
"331","Bulgaria","BG"
"332","Bulgaria","BG"
"333","Bahrain","BH"
"334","Bahrain","BH"
"335","Bahrain","BH"
"336","Bahrain","BH"
"337","Bahrain","BH"
"338","Bahrain","BH"
"339","Bahrain","BH"
"340","Bahrain","BH"
"341","Bahrain","BH"
"342","Bahrain","BH"
"343","Bahrain","BH"
"344","Bahrain","BH"
"345","Bahrain","BH"
"346","Bahrain","BH"
"347","Bahrain","BH"
"348","Bahrain","BH"
"349","Bahrain","BH"
"350","Bahrain","BH"
"351","Bahamas, The","BS"
"352","Bahamas, The","BS"
"353","Bahamas, The","BS"
"354","Bahamas, The","BS"
"355","Bahamas, The","BS"
"356","Bahamas, The","BS"
"357","Bahamas, The","BS"
"358","Bahamas, The","BS"
"359","Bahamas, The","BS"
"360","Bahamas, The","BS"
"361","Bahamas, The","BS"
"362","Bahamas, The","BS"
"363","Bahamas, The","BS"
"364","Bahamas, The","BS"
"365","Bahamas, The","BS"
"366","Bahamas, The","BS"
"367","Bahamas, The","BS"
"368","Bahamas, The","BS"
"369","Bosnia and Herzegovina","BA"
"370","Bosnia and Herzegovina","BA"
"371","Bosnia and Herzegovina","BA"
"372","Bosnia and Herzegovina","BA"
"373","Bosnia and Herzegovina","BA"
"374","Bosnia and Herzegovina","BA"
"375","Bosnia and Herzegovina","BA"
"376","Bosnia and Herzegovina","BA"
"377","Bosnia and Herzegovina","BA"
"378","Bosnia and Herzegovina","BA"
"379","Bosnia and Herzegovina","BA"
"380","Bosnia and Herzegovina","BA"
"381","Bosnia and Herzegovina","BA"
"382","Bosnia and Herzegovina","BA"
"383","Bosnia and Herzegovina","BA"
"384","Bosnia and Herzegovina","BA"
"385","Bosnia and Herzegovina","BA"
"386","Bosnia and Herzegovina","BA"
"387","Belarus","BY"
"388","Belarus","BY"
"389","Belarus","BY"
"390","Belarus","BY"
"391","Belarus","BY"
"392","Belarus","BY"
"393","Belarus","BY"
"394","Belarus","BY"
"395","Belarus","BY"
"396","Belarus","BY"
"397","Belarus","BY"
"398","Belarus","BY"
"399","Belarus","BY"
"400","Belarus","BY"
"401","Belarus","BY"
"402","Belarus","BY"
"403","Belarus","BY"
"404","Belarus","BY"
"405","Belize","BZ"
"406","Belize","BZ"
"407","Belize","BZ"
"408","Belize","BZ"
"409","Belize","BZ"
"410","Belize","BZ"
"411","Belize","BZ"
"412","Belize","BZ"
"413","Belize","BZ"
"414","Belize","BZ"
"415","Belize","BZ"
"416","Belize","BZ"
"417","Belize","BZ"
"418","Belize","BZ"
"419","Belize","BZ"
"420","Belize","BZ"
"421","Belize","BZ"
"422","Belize","BZ"
"423","Bermuda","BM"
"424","Bermuda","BM"
"425","Bermuda","BM"
"426","Bermuda","BM"
"427","Bermuda","BM"
"428","Bermuda","BM"
"429","Bermuda","BM"
"430","Bermuda","BM"
"431","Bermuda","BM"
"432","Bermuda","BM"
"433","Bermuda","BM"
"434","Bermuda","BM"
"435","Bermuda","BM"
"436","Bermuda","BM"
"437","Bermuda","BM"
"438","Bermuda","BM"
"439","Bermuda","BM"
"440","Bermuda","BM"
"441","Bolivia","BO"
"442","Bolivia","BO"
"443","Bolivia","BO"
"444","Bolivia","BO"
"445","Bolivia","BO"
"446","Bolivia","BO"
"447","Bolivia","BO"
"448","Bolivia","BO"
"449","Bolivia","BO"
"450","Bolivia","BO"
"451","Bolivia","BO"
"452","Bolivia","BO"
"453","Bolivia","BO"
"454","Bolivia","BO"
"455","Bolivia","BO"
"456","Bolivia","BO"
"457","Bolivia","BO"
"458","Bolivia","BO"
"459","Brazil","BR"
"460","Brazil","BR"
"461","Brazil","BR"
"462","Brazil","BR"
"463","Brazil","BR"
"464","Brazil","BR"
"465","Brazil","BR"
"466","Brazil","BR"
"467","Brazil","BR"
"468","Brazil","BR"
"469","Brazil","BR"
"470","Brazil","BR"
"471","Brazil","BR"
"472","Brazil","BR"
"473","Brazil","BR"
"474","Brazil","BR"
"475","Brazil","BR"
"476","Brazil","BR"
"477","Barbados","BB"
"478","Barbados","BB"
"479","Barbados","BB"
"480","Barbados","BB"
"481","Barbados","BB"
"482","Barbados","BB"
"483","Barbados","BB"
"484","Barbados","BB"
"485","Barbados","BB"
"486","Barbados","BB"
"487","Barbados","BB"
"488","Barbados","BB"
"489","Barbados","BB"
"490","Barbados","BB"
"491","Barbados","BB"
"492","Barbados","BB"
"493","Barbados","BB"
"494","Barbados","BB"
"495","Brunei Darussalam","BN"
"496","Brunei Darussalam","BN"
"497","Brunei Darussalam","BN"
"498","Brunei Darussalam","BN"
"499","Brunei Darussalam","BN"
"500","Brunei Darussalam","BN"
"501","Brunei Darussalam","BN"
"502","Brunei Darussalam","BN"
"503","Brunei Darussalam","BN"
"504","Brunei Darussalam","BN"
"505","Brunei Darussalam","BN"
"506","Brunei Darussalam","BN"
"507","Brunei Darussalam","BN"
"508","Brunei Darussalam","BN"
"509","Brunei Darussalam","BN"
"510","Brunei Darussalam","BN"
"511","Brunei Darussalam","BN"
"512","Brunei Darussalam","BN"
"513","Bhutan","BT"
"514","Bhutan","BT"
"515","Bhutan","BT"
"516","Bhutan","BT"
"517","Bhutan","BT"
"518","Bhutan","BT"
"519","Bhutan","BT"
"520","Bhutan","BT"
"521","Bhutan","BT"
"522","Bhutan","BT"
"523","Bhutan","BT"
"524","Bhutan","BT"
"525","Bhutan","BT"
"526","Bhutan","BT"
"527","Bhutan","BT"
"528","Bhutan","BT"
"529","Bhutan","BT"
"530","Bhutan","BT"
"531","Botswana","BW"
"532","Botswana","BW"
"533","Botswana","BW"
"534","Botswana","BW"
"535","Botswana","BW"
"536","Botswana","BW"
"537","Botswana","BW"
"538","Botswana","BW"
"539","Botswana","BW"
"540","Botswana","BW"
"541","Botswana","BW"
"542","Botswana","BW"
"543","Botswana","BW"
"544","Botswana","BW"
"545","Botswana","BW"
"546","Botswana","BW"
"547","Botswana","BW"
"548","Botswana","BW"
"549","Central African Republic","CF"
"550","Central African Republic","CF"
"551","Central African Republic","CF"
"552","Central African Republic","CF"
"553","Central African Republic","CF"
"554","Central African Republic","CF"
"555","Central African Republic","CF"
"556","Central African Republic","CF"
"557","Central African Republic","CF"
"558","Central African Republic","CF"
"559","Central African Republic","CF"
"560","Central African Republic","CF"
"561","Central African Republic","CF"
"562","Central African Republic","CF"
"563","Central African Republic","CF"
"564","Central African Republic","CF"
"565","Central African Republic","CF"
"566","Central African Republic","CF"
"567","Canada","CA"
"568","Canada","CA"
"569","Canada","CA"
"570","Canada","CA"
"571","Canada","CA"
"572","Canada","CA"
"573","Canada","CA"
"574","Canada","CA"
"575","Canada","CA"
"576","Canada","CA"
"577","Canada","CA"
"578","Canada","CA"
"579","Canada","CA"
"580","Canada","CA"
"581","Canada","CA"
"582","Canada","CA"
"583","Canada","CA"
"584","Canada","CA"
"585","Switzerland","CH"
"586","Switzerland","CH"
"587","Switzerland","CH"
"588","Switzerland","CH"
"589","Switzerland","CH"
"590","Switzerland","CH"
"591","Switzerland","CH"
"592","Switzerland","CH"
"593","Switzerland","CH"
"594","Switzerland","CH"
"595","Switzerland","CH"
"596","Switzerland","CH"
"597","Switzerland","CH"
"598","Switzerland","CH"
"599","Switzerland","CH"
"600","Switzerland","CH"
"601","Switzerland","CH"
"602","Switzerland","CH"
"603","Chile","CL"
"604","Chile","CL"
"605","Chile","CL"
"606","Chile","CL"
"607","Chile","CL"
"608","Chile","CL"
"609","Chile","CL"
"610","Chile","CL"
"611","Chile","CL"
"612","Chile","CL"
"613","Chile","CL"
"614","Chile","CL"
"615","Chile","CL"
"616","Chile","CL"
"617","Chile","CL"
"618","Chile","CL"
"619","Chile","CL"
"620","Chile","CL"
"621","China","CN"
"622","China","CN"
"623","China","CN"
"624","China","CN"
"625","China","CN"
"626","China","CN"
"627","China","CN"
"628","China","CN"
"629","China","CN"
"630","China","CN"
"631","China","CN"
"632","China","CN"
"633","China","CN"
"634","China","CN"
"635","China","CN"
"636","China","CN"
"637","China","CN"
"638","China","CN"
"639","Cote d'Ivoire","CI"
"640","Cote d'Ivoire","CI"
"641","Cote d'Ivoire","CI"
"642","Cote d'Ivoire","CI"
"643","Cote d'Ivoire","CI"
"644","Cote d'Ivoire","CI"
"645","Cote d'Ivoire","CI"
"646","Cote d'Ivoire","CI"
"647","Cote d'Ivoire","CI"
"648","Cote d'Ivoire","CI"
"649","Cote d'Ivoire","CI"
"650","Cote d'Ivoire","CI"
"651","Cote d'Ivoire","CI"
"652","Cote d'Ivoire","CI"
"653","Cote d'Ivoire","CI"
"654","Cote d'Ivoire","CI"
"655","Cote d'Ivoire","CI"
"656","Cote d'Ivoire","CI"
"657","Cameroon","CM"
"658","Cameroon","CM"
"659","Cameroon","CM"
"660","Cameroon","CM"
"661","Cameroon","CM"
"662","Cameroon","CM"
"663","Cameroon","CM"
"664","Cameroon","CM"
"665","Cameroon","CM"
"666","Cameroon","CM"
"667","Cameroon","CM"
"668","Cameroon","CM"
"669","Cameroon","CM"
"670","Cameroon","CM"
"671","Cameroon","CM"
"672","Cameroon","CM"
"673","Cameroon","CM"
"674","Cameroon","CM"
"675","Congo, Dem. Rep.","CD"
"676","Congo, Dem. Rep.","CD"
"677","Congo, Dem. Rep.","CD"
"678","Congo, Dem. Rep.","CD"
"679","Congo, Dem. Rep.","CD"
"680","Congo, Dem. Rep.","CD"
"681","Congo, Dem. Rep.","CD"
"682","Congo, Dem. Rep.","CD"
"683","Congo, Dem. Rep.","CD"
"684","Congo, Dem. Rep.","CD"
"685","Congo, Dem. Rep.","CD"
"686","Congo, Dem. Rep.","CD"
"687","Congo, Dem. Rep.","CD"
"688","Congo, Dem. Rep.","CD"
"689","Congo, Dem. Rep.","CD"
"690","Congo, Dem. Rep.","CD"
"691","Congo, Dem. Rep.","CD"
"692","Congo, Dem. Rep.","CD"
"693","Congo, Rep.","CG"
"694","Congo, Rep.","CG"
"695","Congo, Rep.","CG"
"696","Congo, Rep.","CG"
"697","Congo, Rep.","CG"
"698","Congo, Rep.","CG"
"699","Congo, Rep.","CG"
"700","Congo, Rep.","CG"
"701","Congo, Rep.","CG"
"702","Congo, Rep.","CG"
"703","Congo, Rep.","CG"
"704","Congo, Rep.","CG"
"705","Congo, Rep.","CG"
"706","Congo, Rep.","CG"
"707","Congo, Rep.","CG"
"708","Congo, Rep.","CG"
"709","Congo, Rep.","CG"
"710","Congo, Rep.","CG"
"711","Colombia","CO"
"712","Colombia","CO"
"713","Colombia","CO"
"714","Colombia","CO"
"715","Colombia","CO"
"716","Colombia","CO"
"717","Colombia","CO"
"718","Colombia","CO"
"719","Colombia","CO"
"720","Colombia","CO"
"721","Colombia","CO"
"722","Colombia","CO"
"723","Colombia","CO"
"724","Colombia","CO"
"725","Colombia","CO"
"726","Colombia","CO"
"727","Colombia","CO"
"728","Colombia","CO"
"729","Comoros","KM"
"730","Comoros","KM"
"731","Comoros","KM"
"732","Comoros","KM"
"733","Comoros","KM"
"734","Comoros","KM"
"735","Comoros","KM"
"736","Comoros","KM"
"737","Comoros","KM"
"738","Comoros","KM"
"739","Comoros","KM"
"740","Comoros","KM"
"741","Comoros","KM"
"742","Comoros","KM"
"743","Comoros","KM"
"744","Comoros","KM"
"745","Comoros","KM"
"746","Comoros","KM"
"747","Cabo Verde","CV"
"748","Cabo Verde","CV"
"749","Cabo Verde","CV"
"750","Cabo Verde","CV"
"751","Cabo Verde","CV"
"752","Cabo Verde","CV"
"753","Cabo Verde","CV"
"754","Cabo Verde","CV"
"755","Cabo Verde","CV"
"756","Cabo Verde","CV"
"757","Cabo Verde","CV"
"758","Cabo Verde","CV"
"759","Cabo Verde","CV"
"760","Cabo Verde","CV"
"761","Cabo Verde","CV"
"762","Cabo Verde","CV"
"763","Cabo Verde","CV"
"764","Cabo Verde","CV"
"765","Costa Rica","CR"
"766","Costa Rica","CR"
"767","Costa Rica","CR"
"768","Costa Rica","CR"
"769","Costa Rica","CR"
"770","Costa Rica","CR"
"771","Costa Rica","CR"
"772","Costa Rica","CR"
"773","Costa Rica","CR"
"774","Costa Rica","CR"
"775","Costa Rica","CR"
"776","Costa Rica","CR"
"777","Costa Rica","CR"
"778","Costa Rica","CR"
"779","Costa Rica","CR"
"780","Costa Rica","CR"
"781","Costa Rica","CR"
"782","Costa Rica","CR"
"783","Cuba","CU"
"784","Cuba","CU"
"785","Cuba","CU"
"786","Cuba","CU"
"787","Cuba","CU"
"788","Cuba","CU"
"789","Cuba","CU"
"790","Cuba","CU"
"791","Cuba","CU"
"792","Cuba","CU"
"793","Cuba","CU"
"794","Cuba","CU"
"795","Cuba","CU"
"796","Cuba","CU"
"797","Cuba","CU"
"798","Cuba","CU"
"799","Cuba","CU"
"800","Cuba","CU"
"801","Cayman Islands","KY"
"802","Cayman Islands","KY"
"803","Cayman Islands","KY"
"804","Cayman Islands","KY"
"805","Cayman Islands","KY"
"806","Cayman Islands","KY"
"807","Cayman Islands","KY"
"808","Cayman Islands","KY"
"809","Cayman Islands","KY"
"810","Cayman Islands","KY"
"811","Cayman Islands","KY"
"812","Cayman Islands","KY"
"813","Cayman Islands","KY"
"814","Cayman Islands","KY"
"815","Cayman Islands","KY"
"816","Cayman Islands","KY"
"817","Cayman Islands","KY"
"818","Cayman Islands","KY"
"819","Cyprus","CY"
"820","Cyprus","CY"
"821","Cyprus","CY"
"822","Cyprus","CY"
"823","Cyprus","CY"
"824","Cyprus","CY"
"825","Cyprus","CY"
"826","Cyprus","CY"
"827","Cyprus","CY"
"828","Cyprus","CY"
"829","Cyprus","CY"
"830","Cyprus","CY"
"831","Cyprus","CY"
"832","Cyprus","CY"
"833","Cyprus","CY"
"834","Cyprus","CY"
"835","Cyprus","CY"
"836","Cyprus","CY"
"837","Czech Republic","CZ"
"838","Czech Republic","CZ"
"839","Czech Republic","CZ"
"840","Czech Republic","CZ"
"841","Czech Republic","CZ"
"842","Czech Republic","CZ"
"843","Czech Republic","CZ"
"844","Czech Republic","CZ"
"845","Czech Republic","CZ"
"846","Czech Republic","CZ"
"847","Czech Republic","CZ"
"848","Czech Republic","CZ"
"849","Czech Republic","CZ"
"850","Czech Republic","CZ"
"851","Czech Republic","CZ"
"852","Czech Republic","CZ"
"853","Czech Republic","CZ"
"854","Czech Republic","CZ"
"855","Germany","DE"
"856","Germany","DE"
"857","Germany","DE"
"858","Germany","DE"
"859","Germany","DE"
"860","Germany","DE"
"861","Germany","DE"
"862","Germany","DE"
"863","Germany","DE"
"864","Germany","DE"
"865","Germany","DE"
"866","Germany","DE"
"867","Germany","DE"
"868","Germany","DE"
"869","Germany","DE"
"870","Germany","DE"
"871","Germany","DE"
"872","Germany","DE"
"873","Djibouti","DJ"
"874","Djibouti","DJ"
"875","Djibouti","DJ"
"876","Djibouti","DJ"
"877","Djibouti","DJ"
"878","Djibouti","DJ"
"879","Djibouti","DJ"
"880","Djibouti","DJ"
"881","Djibouti","DJ"
"882","Djibouti","DJ"
"883","Djibouti","DJ"
"884","Djibouti","DJ"
"885","Djibouti","DJ"
"886","Djibouti","DJ"
"887","Djibouti","DJ"
"888","Djibouti","DJ"
"889","Djibouti","DJ"
"890","Djibouti","DJ"
"891","Dominica","DM"
"892","Dominica","DM"
"893","Dominica","DM"
"894","Dominica","DM"
"895","Dominica","DM"
"896","Dominica","DM"
"897","Dominica","DM"
"898","Dominica","DM"
"899","Dominica","DM"
"900","Dominica","DM"
"901","Dominica","DM"
"902","Dominica","DM"
"903","Dominica","DM"
"904","Dominica","DM"
"905","Dominica","DM"
"906","Dominica","DM"
"907","Dominica","DM"
"908","Dominica","DM"
"909","Denmark","DK"
"910","Denmark","DK"
"911","Denmark","DK"
"912","Denmark","DK"
"913","Denmark","DK"
"914","Denmark","DK"
"915","Denmark","DK"
"916","Denmark","DK"
"917","Denmark","DK"
"918","Denmark","DK"
"919","Denmark","DK"
"920","Denmark","DK"
"921","Denmark","DK"
"922","Denmark","DK"
"923","Denmark","DK"
"924","Denmark","DK"
"925","Denmark","DK"
"926","Denmark","DK"
"927","Dominican Republic","DO"
"928","Dominican Republic","DO"
"929","Dominican Republic","DO"
"930","Dominican Republic","DO"
"931","Dominican Republic","DO"
"932","Dominican Republic","DO"
"933","Dominican Republic","DO"
"934","Dominican Republic","DO"
"935","Dominican Republic","DO"
"936","Dominican Republic","DO"
"937","Dominican Republic","DO"
"938","Dominican Republic","DO"
"939","Dominican Republic","DO"
"940","Dominican Republic","DO"
"941","Dominican Republic","DO"
"942","Dominican Republic","DO"
"943","Dominican Republic","DO"
"944","Dominican Republic","DO"
"945","Algeria","DZ"
"946","Algeria","DZ"
"947","Algeria","DZ"
"948","Algeria","DZ"
"949","Algeria","DZ"
"950","Algeria","DZ"
"951","Algeria","DZ"
"952","Algeria","DZ"
"953","Algeria","DZ"
"954","Algeria","DZ"
"955","Algeria","DZ"
"956","Algeria","DZ"
"957","Algeria","DZ"
"958","Algeria","DZ"
"959","Algeria","DZ"
"960","Algeria","DZ"
"961","Algeria","DZ"
"962","Algeria","DZ"
"963","Ecuador","EC"
"964","Ecuador","EC"
"965","Ecuador","EC"
"966","Ecuador","EC"
"967","Ecuador","EC"
"968","Ecuador","EC"
"969","Ecuador","EC"
"970","Ecuador","EC"
"971","Ecuador","EC"
"972","Ecuador","EC"
"973","Ecuador","EC"
"974","Ecuador","EC"
"975","Ecuador","EC"
"976","Ecuador","EC"
"977","Ecuador","EC"
"978","Ecuador","EC"
"979","Ecuador","EC"
"980","Ecuador","EC"
"981","Egypt, Arab Rep.","EG"
"982","Egypt, Arab Rep.","EG"
"983","Egypt, Arab Rep.","EG"
"984","Egypt, Arab Rep.","EG"
"985","Egypt, Arab Rep.","EG"
"986","Egypt, Arab Rep.","EG"
"987","Egypt, Arab Rep.","EG"
"988","Egypt, Arab Rep.","EG"
"989","Egypt, Arab Rep.","EG"
"990","Egypt, Arab Rep.","EG"
"991","Egypt, Arab Rep.","EG"
"992","Egypt, Arab Rep.","EG"
"993","Egypt, Arab Rep.","EG"
"994","Egypt, Arab Rep.","EG"
"995","Egypt, Arab Rep.","EG"
"996","Egypt, Arab Rep.","EG"
"997","Egypt, Arab Rep.","EG"
"998","Egypt, Arab Rep.","EG"
"999","Eritrea","ER"
"1000","Eritrea","ER"
"1001","Eritrea","ER"
"1002","Eritrea","ER"
"1003","Eritrea","ER"
"1004","Eritrea","ER"
"1005","Eritrea","ER"
"1006","Eritrea","ER"
"1007","Eritrea","ER"
"1008","Eritrea","ER"
"1009","Eritrea","ER"
"1010","Eritrea","ER"
"1011","Eritrea","ER"
"1012","Eritrea","ER"
"1013","Eritrea","ER"
"1014","Eritrea","ER"
"1015","Eritrea","ER"
"1016","Eritrea","ER"
"1017","Spain","ES"
"1018","Spain","ES"
"1019","Spain","ES"
"1020","Spain","ES"
"1021","Spain","ES"
"1022","Spain","ES"
"1023","Spain","ES"
"1024","Spain","ES"
"1025","Spain","ES"
"1026","Spain","ES"
"1027","Spain","ES"
"1028","Spain","ES"
"1029","Spain","ES"
"1030","Spain","ES"
"1031","Spain","ES"
"1032","Spain","ES"
"1033","Spain","ES"
"1034","Spain","ES"
"1035","Estonia","EE"
"1036","Estonia","EE"
"1037","Estonia","EE"
"1038","Estonia","EE"
"1039","Estonia","EE"
"1040","Estonia","EE"
"1041","Estonia","EE"
"1042","Estonia","EE"
"1043","Estonia","EE"
"1044","Estonia","EE"
"1045","Estonia","EE"
"1046","Estonia","EE"
"1047","Estonia","EE"
"1048","Estonia","EE"
"1049","Estonia","EE"
"1050","Estonia","EE"
"1051","Estonia","EE"
"1052","Estonia","EE"
"1053","Ethiopia","ET"
"1054","Ethiopia","ET"
"1055","Ethiopia","ET"
"1056","Ethiopia","ET"
"1057","Ethiopia","ET"
"1058","Ethiopia","ET"
"1059","Ethiopia","ET"
"1060","Ethiopia","ET"
"1061","Ethiopia","ET"
"1062","Ethiopia","ET"
"1063","Ethiopia","ET"
"1064","Ethiopia","ET"
"1065","Ethiopia","ET"
"1066","Ethiopia","ET"
"1067","Ethiopia","ET"
"1068","Ethiopia","ET"
"1069","Ethiopia","ET"
"1070","Ethiopia","ET"
"1071","Finland","FI"
"1072","Finland","FI"
"1073","Finland","FI"
"1074","Finland","FI"
"1075","Finland","FI"
"1076","Finland","FI"
"1077","Finland","FI"
"1078","Finland","FI"
"1079","Finland","FI"
"1080","Finland","FI"
"1081","Finland","FI"
"1082","Finland","FI"
"1083","Finland","FI"
"1084","Finland","FI"
"1085","Finland","FI"
"1086","Finland","FI"
"1087","Finland","FI"
"1088","Finland","FI"
"1089","Fiji","FJ"
"1090","Fiji","FJ"
"1091","Fiji","FJ"
"1092","Fiji","FJ"
"1093","Fiji","FJ"
"1094","Fiji","FJ"
"1095","Fiji","FJ"
"1096","Fiji","FJ"
"1097","Fiji","FJ"
"1098","Fiji","FJ"
"1099","Fiji","FJ"
"1100","Fiji","FJ"
"1101","Fiji","FJ"
"1102","Fiji","FJ"
"1103","Fiji","FJ"
"1104","Fiji","FJ"
"1105","Fiji","FJ"
"1106","Fiji","FJ"
"1107","France","FR"
"1108","France","FR"
"1109","France","FR"
"1110","France","FR"
"1111","France","FR"
"1112","France","FR"
"1113","France","FR"
"1114","France","FR"
"1115","France","FR"
"1116","France","FR"
"1117","France","FR"
"1118","France","FR"
"1119","France","FR"
"1120","France","FR"
"1121","France","FR"
"1122","France","FR"
"1123","France","FR"
"1124","France","FR"
"1125","Micronesia, Fed. Sts.","FM"
"1126","Micronesia, Fed. Sts.","FM"
"1127","Micronesia, Fed. Sts.","FM"
"1128","Micronesia, Fed. Sts.","FM"
"1129","Micronesia, Fed. Sts.","FM"
"1130","Micronesia, Fed. Sts.","FM"
"1131","Micronesia, Fed. Sts.","FM"
"1132","Micronesia, Fed. Sts.","FM"
"1133","Micronesia, Fed. Sts.","FM"
"1134","Micronesia, Fed. Sts.","FM"
"1135","Micronesia, Fed. Sts.","FM"
"1136","Micronesia, Fed. Sts.","FM"
"1137","Micronesia, Fed. Sts.","FM"
"1138","Micronesia, Fed. Sts.","FM"
"1139","Gabon","GA"
"1140","Gabon","GA"
"1141","Gabon","GA"
"1142","Gabon","GA"
"1143","Gabon","GA"
"1144","Gabon","GA"
"1145","Gabon","GA"
"1146","Gabon","GA"
"1147","Gabon","GA"
"1148","Gabon","GA"
"1149","Gabon","GA"
"1150","Gabon","GA"
"1151","Gabon","GA"
"1152","Gabon","GA"
"1153","Gabon","GA"
"1154","Gabon","GA"
"1155","Gabon","GA"
"1156","Gabon","GA"
"1157","United Kingdom","GB"
"1158","United Kingdom","GB"
"1159","United Kingdom","GB"
"1160","United Kingdom","GB"
"1161","United Kingdom","GB"
"1162","United Kingdom","GB"
"1163","United Kingdom","GB"
"1164","United Kingdom","GB"
"1165","United Kingdom","GB"
"1166","United Kingdom","GB"
"1167","United Kingdom","GB"
"1168","United Kingdom","GB"
"1169","United Kingdom","GB"
"1170","United Kingdom","GB"
"1171","United Kingdom","GB"
"1172","United Kingdom","GB"
"1173","United Kingdom","GB"
"1174","United Kingdom","GB"
"1175","Georgia","GE"
"1176","Georgia","GE"
"1177","Georgia","GE"
"1178","Georgia","GE"
"1179","Georgia","GE"
"1180","Georgia","GE"
"1181","Georgia","GE"
"1182","Georgia","GE"
"1183","Georgia","GE"
"1184","Georgia","GE"
"1185","Georgia","GE"
"1186","Georgia","GE"
"1187","Georgia","GE"
"1188","Georgia","GE"
"1189","Georgia","GE"
"1190","Georgia","GE"
"1191","Georgia","GE"
"1192","Georgia","GE"
"1193","Ghana","GH"
"1194","Ghana","GH"
"1195","Ghana","GH"
"1196","Ghana","GH"
"1197","Ghana","GH"
"1198","Ghana","GH"
"1199","Ghana","GH"
"1200","Ghana","GH"
"1201","Ghana","GH"
"1202","Ghana","GH"
"1203","Ghana","GH"
"1204","Ghana","GH"
"1205","Ghana","GH"
"1206","Ghana","GH"
"1207","Ghana","GH"
"1208","Ghana","GH"
"1209","Ghana","GH"
"1210","Ghana","GH"
"1211","Guinea","GN"
"1212","Guinea","GN"
"1213","Guinea","GN"
"1214","Guinea","GN"
"1215","Guinea","GN"
"1216","Guinea","GN"
"1217","Guinea","GN"
"1218","Guinea","GN"
"1219","Guinea","GN"
"1220","Guinea","GN"
"1221","Guinea","GN"
"1222","Guinea","GN"
"1223","Guinea","GN"
"1224","Guinea","GN"
"1225","Guinea","GN"
"1226","Guinea","GN"
"1227","Guinea","GN"
"1228","Guinea","GN"
"1229","Gambia, The","GM"
"1230","Gambia, The","GM"
"1231","Gambia, The","GM"
"1232","Gambia, The","GM"
"1233","Gambia, The","GM"
"1234","Gambia, The","GM"
"1235","Gambia, The","GM"
"1236","Gambia, The","GM"
"1237","Gambia, The","GM"
"1238","Gambia, The","GM"
"1239","Gambia, The","GM"
"1240","Gambia, The","GM"
"1241","Gambia, The","GM"
"1242","Gambia, The","GM"
"1243","Gambia, The","GM"
"1244","Gambia, The","GM"
"1245","Gambia, The","GM"
"1246","Gambia, The","GM"
"1247","Guinea-Bissau","GW"
"1248","Guinea-Bissau","GW"
"1249","Guinea-Bissau","GW"
"1250","Guinea-Bissau","GW"
"1251","Guinea-Bissau","GW"
"1252","Guinea-Bissau","GW"
"1253","Guinea-Bissau","GW"
"1254","Guinea-Bissau","GW"
"1255","Guinea-Bissau","GW"
"1256","Guinea-Bissau","GW"
"1257","Guinea-Bissau","GW"
"1258","Guinea-Bissau","GW"
"1259","Guinea-Bissau","GW"
"1260","Guinea-Bissau","GW"
"1261","Guinea-Bissau","GW"
"1262","Guinea-Bissau","GW"
"1263","Guinea-Bissau","GW"
"1264","Guinea-Bissau","GW"
"1265","Equatorial Guinea","GQ"
"1266","Equatorial Guinea","GQ"
"1267","Equatorial Guinea","GQ"
"1268","Equatorial Guinea","GQ"
"1269","Equatorial Guinea","GQ"
"1270","Equatorial Guinea","GQ"
"1271","Equatorial Guinea","GQ"
"1272","Equatorial Guinea","GQ"
"1273","Equatorial Guinea","GQ"
"1274","Equatorial Guinea","GQ"
"1275","Equatorial Guinea","GQ"
"1276","Equatorial Guinea","GQ"
"1277","Equatorial Guinea","GQ"
"1278","Equatorial Guinea","GQ"
"1279","Equatorial Guinea","GQ"
"1280","Equatorial Guinea","GQ"
"1281","Equatorial Guinea","GQ"
"1282","Equatorial Guinea","GQ"
"1283","Greece","GR"
"1284","Greece","GR"
"1285","Greece","GR"
"1286","Greece","GR"
"1287","Greece","GR"
"1288","Greece","GR"
"1289","Greece","GR"
"1290","Greece","GR"
"1291","Greece","GR"
"1292","Greece","GR"
"1293","Greece","GR"
"1294","Greece","GR"
"1295","Greece","GR"
"1296","Greece","GR"
"1297","Greece","GR"
"1298","Greece","GR"
"1299","Greece","GR"
"1300","Greece","GR"
"1301","Grenada","GD"
"1302","Grenada","GD"
"1303","Grenada","GD"
"1304","Grenada","GD"
"1305","Grenada","GD"
"1306","Grenada","GD"
"1307","Grenada","GD"
"1308","Grenada","GD"
"1309","Grenada","GD"
"1310","Grenada","GD"
"1311","Grenada","GD"
"1312","Grenada","GD"
"1313","Grenada","GD"
"1314","Grenada","GD"
"1315","Grenada","GD"
"1316","Grenada","GD"
"1317","Grenada","GD"
"1318","Grenada","GD"
"1319","Greenland","GL"
"1320","Greenland","GL"
"1321","Greenland","GL"
"1322","Greenland","GL"
"1323","Greenland","GL"
"1324","Greenland","GL"
"1325","Greenland","GL"
"1326","Greenland","GL"
"1327","Guatemala","GT"
"1328","Guatemala","GT"
"1329","Guatemala","GT"
"1330","Guatemala","GT"
"1331","Guatemala","GT"
"1332","Guatemala","GT"
"1333","Guatemala","GT"
"1334","Guatemala","GT"
"1335","Guatemala","GT"
"1336","Guatemala","GT"
"1337","Guatemala","GT"
"1338","Guatemala","GT"
"1339","Guatemala","GT"
"1340","Guatemala","GT"
"1341","Guatemala","GT"
"1342","Guatemala","GT"
"1343","Guatemala","GT"
"1344","Guatemala","GT"
"1345","Guam","GU"
"1346","Guam","GU"
"1347","Guam","GU"
"1348","Guam","GU"
"1349","Guam","GU"
"1350","Guam","GU"
"1351","Guam","GU"
"1352","Guam","GU"
"1353","Guam","GU"
"1354","Guam","GU"
"1355","Guam","GU"
"1356","Guam","GU"
"1357","Guam","GU"
"1358","Guyana","GY"
"1359","Guyana","GY"
"1360","Guyana","GY"
"1361","Guyana","GY"
"1362","Guyana","GY"
"1363","Guyana","GY"
"1364","Guyana","GY"
"1365","Guyana","GY"
"1366","Guyana","GY"
"1367","Guyana","GY"
"1368","Guyana","GY"
"1369","Guyana","GY"
"1370","Guyana","GY"
"1371","Guyana","GY"
"1372","Guyana","GY"
"1373","Guyana","GY"
"1374","Guyana","GY"
"1375","Guyana","GY"
"1376","Hong Kong SAR, China","HK"
"1377","Hong Kong SAR, China","HK"
"1378","Hong Kong SAR, China","HK"
"1379","Hong Kong SAR, China","HK"
"1380","Hong Kong SAR, China","HK"
"1381","Hong Kong SAR, China","HK"
"1382","Hong Kong SAR, China","HK"
"1383","Hong Kong SAR, China","HK"
"1384","Hong Kong SAR, China","HK"
"1385","Hong Kong SAR, China","HK"
"1386","Hong Kong SAR, China","HK"
"1387","Hong Kong SAR, China","HK"
"1388","Hong Kong SAR, China","HK"
"1389","Hong Kong SAR, China","HK"
"1390","Hong Kong SAR, China","HK"
"1391","Hong Kong SAR, China","HK"
"1392","Hong Kong SAR, China","HK"
"1393","Hong Kong SAR, China","HK"
"1394","Honduras","HN"
"1395","Honduras","HN"
"1396","Honduras","HN"
"1397","Honduras","HN"
"1398","Honduras","HN"
"1399","Honduras","HN"
"1400","Honduras","HN"
"1401","Honduras","HN"
"1402","Honduras","HN"
"1403","Honduras","HN"
"1404","Honduras","HN"
"1405","Honduras","HN"
"1406","Honduras","HN"
"1407","Honduras","HN"
"1408","Honduras","HN"
"1409","Honduras","HN"
"1410","Honduras","HN"
"1411","Honduras","HN"
"1412","Croatia","HR"
"1413","Croatia","HR"
"1414","Croatia","HR"
"1415","Croatia","HR"
"1416","Croatia","HR"
"1417","Croatia","HR"
"1418","Croatia","HR"
"1419","Croatia","HR"
"1420","Croatia","HR"
"1421","Croatia","HR"
"1422","Croatia","HR"
"1423","Croatia","HR"
"1424","Croatia","HR"
"1425","Croatia","HR"
"1426","Croatia","HR"
"1427","Croatia","HR"
"1428","Croatia","HR"
"1429","Croatia","HR"
"1430","Haiti","HT"
"1431","Haiti","HT"
"1432","Haiti","HT"
"1433","Haiti","HT"
"1434","Haiti","HT"
"1435","Haiti","HT"
"1436","Haiti","HT"
"1437","Haiti","HT"
"1438","Haiti","HT"
"1439","Haiti","HT"
"1440","Haiti","HT"
"1441","Haiti","HT"
"1442","Haiti","HT"
"1443","Haiti","HT"
"1444","Haiti","HT"
"1445","Haiti","HT"
"1446","Haiti","HT"
"1447","Haiti","HT"
"1448","Hungary","HU"
"1449","Hungary","HU"
"1450","Hungary","HU"
"1451","Hungary","HU"
"1452","Hungary","HU"
"1453","Hungary","HU"
"1454","Hungary","HU"
"1455","Hungary","HU"
"1456","Hungary","HU"
"1457","Hungary","HU"
"1458","Hungary","HU"
"1459","Hungary","HU"
"1460","Hungary","HU"
"1461","Hungary","HU"
"1462","Hungary","HU"
"1463","Hungary","HU"
"1464","Hungary","HU"
"1465","Hungary","HU"
"1466","Indonesia","ID"
"1467","Indonesia","ID"
"1468","Indonesia","ID"
"1469","Indonesia","ID"
"1470","Indonesia","ID"
"1471","Indonesia","ID"
"1472","Indonesia","ID"
"1473","Indonesia","ID"
"1474","Indonesia","ID"
"1475","Indonesia","ID"
"1476","Indonesia","ID"
"1477","Indonesia","ID"
"1478","Indonesia","ID"
"1479","Indonesia","ID"
"1480","Indonesia","ID"
"1481","Indonesia","ID"
"1482","Indonesia","ID"
"1483","Indonesia","ID"
"1484","India","IN"
"1485","India","IN"
"1486","India","IN"
"1487","India","IN"
"1488","India","IN"
"1489","India","IN"
"1490","India","IN"
"1491","India","IN"
"1492","India","IN"
"1493","India","IN"
"1494","India","IN"
"1495","India","IN"
"1496","India","IN"
"1497","India","IN"
"1498","India","IN"
"1499","India","IN"
"1500","India","IN"
"1501","India","IN"
"1502","Ireland","IE"
"1503","Ireland","IE"
"1504","Ireland","IE"
"1505","Ireland","IE"
"1506","Ireland","IE"
"1507","Ireland","IE"
"1508","Ireland","IE"
"1509","Ireland","IE"
"1510","Ireland","IE"
"1511","Ireland","IE"
"1512","Ireland","IE"
"1513","Ireland","IE"
"1514","Ireland","IE"
"1515","Ireland","IE"
"1516","Ireland","IE"
"1517","Ireland","IE"
"1518","Ireland","IE"
"1519","Ireland","IE"
"1520","Iran, Islamic Rep.","IR"
"1521","Iran, Islamic Rep.","IR"
"1522","Iran, Islamic Rep.","IR"
"1523","Iran, Islamic Rep.","IR"
"1524","Iran, Islamic Rep.","IR"
"1525","Iran, Islamic Rep.","IR"
"1526","Iran, Islamic Rep.","IR"
"1527","Iran, Islamic Rep.","IR"
"1528","Iran, Islamic Rep.","IR"
"1529","Iran, Islamic Rep.","IR"
"1530","Iran, Islamic Rep.","IR"
"1531","Iran, Islamic Rep.","IR"
"1532","Iran, Islamic Rep.","IR"
"1533","Iran, Islamic Rep.","IR"
"1534","Iran, Islamic Rep.","IR"
"1535","Iran, Islamic Rep.","IR"
"1536","Iran, Islamic Rep.","IR"
"1537","Iran, Islamic Rep.","IR"
"1538","Iraq","IQ"
"1539","Iraq","IQ"
"1540","Iraq","IQ"
"1541","Iraq","IQ"
"1542","Iraq","IQ"
"1543","Iraq","IQ"
"1544","Iraq","IQ"
"1545","Iraq","IQ"
"1546","Iraq","IQ"
"1547","Iraq","IQ"
"1548","Iraq","IQ"
"1549","Iraq","IQ"
"1550","Iraq","IQ"
"1551","Iraq","IQ"
"1552","Iraq","IQ"
"1553","Iraq","IQ"
"1554","Iraq","IQ"
"1555","Iraq","IQ"
"1556","Iceland","IS"
"1557","Iceland","IS"
"1558","Iceland","IS"
"1559","Iceland","IS"
"1560","Iceland","IS"
"1561","Iceland","IS"
"1562","Iceland","IS"
"1563","Iceland","IS"
"1564","Iceland","IS"
"1565","Iceland","IS"
"1566","Iceland","IS"
"1567","Iceland","IS"
"1568","Iceland","IS"
"1569","Iceland","IS"
"1570","Iceland","IS"
"1571","Iceland","IS"
"1572","Iceland","IS"
"1573","Iceland","IS"
"1574","Israel","IL"
"1575","Israel","IL"
"1576","Israel","IL"
"1577","Israel","IL"
"1578","Israel","IL"
"1579","Israel","IL"
"1580","Israel","IL"
"1581","Israel","IL"
"1582","Israel","IL"
"1583","Israel","IL"
"1584","Israel","IL"
"1585","Israel","IL"
"1586","Israel","IL"
"1587","Israel","IL"
"1588","Israel","IL"
"1589","Israel","IL"
"1590","Israel","IL"
"1591","Israel","IL"
"1592","Italy","IT"
"1593","Italy","IT"
"1594","Italy","IT"
"1595","Italy","IT"
"1596","Italy","IT"
"1597","Italy","IT"
"1598","Italy","IT"
"1599","Italy","IT"
"1600","Italy","IT"
"1601","Italy","IT"
"1602","Italy","IT"
"1603","Italy","IT"
"1604","Italy","IT"
"1605","Italy","IT"
"1606","Italy","IT"
"1607","Italy","IT"
"1608","Italy","IT"
"1609","Italy","IT"
"1610","Jamaica","JM"
"1611","Jamaica","JM"
"1612","Jamaica","JM"
"1613","Jamaica","JM"
"1614","Jamaica","JM"
"1615","Jamaica","JM"
"1616","Jamaica","JM"
"1617","Jamaica","JM"
"1618","Jamaica","JM"
"1619","Jamaica","JM"
"1620","Jamaica","JM"
"1621","Jamaica","JM"
"1622","Jamaica","JM"
"1623","Jamaica","JM"
"1624","Jamaica","JM"
"1625","Jamaica","JM"
"1626","Jamaica","JM"
"1627","Jamaica","JM"
"1628","Jordan","JO"
"1629","Jordan","JO"
"1630","Jordan","JO"
"1631","Jordan","JO"
"1632","Jordan","JO"
"1633","Jordan","JO"
"1634","Jordan","JO"
"1635","Jordan","JO"
"1636","Jordan","JO"
"1637","Jordan","JO"
"1638","Jordan","JO"
"1639","Jordan","JO"
"1640","Jordan","JO"
"1641","Jordan","JO"
"1642","Jordan","JO"
"1643","Jordan","JO"
"1644","Jordan","JO"
"1645","Jordan","JO"
"1646","Japan","JP"
"1647","Japan","JP"
"1648","Japan","JP"
"1649","Japan","JP"
"1650","Japan","JP"
"1651","Japan","JP"
"1652","Japan","JP"
"1653","Japan","JP"
"1654","Japan","JP"
"1655","Japan","JP"
"1656","Japan","JP"
"1657","Japan","JP"
"1658","Japan","JP"
"1659","Japan","JP"
"1660","Japan","JP"
"1661","Japan","JP"
"1662","Japan","JP"
"1663","Japan","JP"
"1664","Kazakhstan","KZ"
"1665","Kazakhstan","KZ"
"1666","Kazakhstan","KZ"
"1667","Kazakhstan","KZ"
"1668","Kazakhstan","KZ"
"1669","Kazakhstan","KZ"
"1670","Kazakhstan","KZ"
"1671","Kazakhstan","KZ"
"1672","Kazakhstan","KZ"
"1673","Kazakhstan","KZ"
"1674","Kazakhstan","KZ"
"1675","Kazakhstan","KZ"
"1676","Kazakhstan","KZ"
"1677","Kazakhstan","KZ"
"1678","Kazakhstan","KZ"
"1679","Kazakhstan","KZ"
"1680","Kazakhstan","KZ"
"1681","Kazakhstan","KZ"
"1682","Kenya","KE"
"1683","Kenya","KE"
"1684","Kenya","KE"
"1685","Kenya","KE"
"1686","Kenya","KE"
"1687","Kenya","KE"
"1688","Kenya","KE"
"1689","Kenya","KE"
"1690","Kenya","KE"
"1691","Kenya","KE"
"1692","Kenya","KE"
"1693","Kenya","KE"
"1694","Kenya","KE"
"1695","Kenya","KE"
"1696","Kenya","KE"
"1697","Kenya","KE"
"1698","Kenya","KE"
"1699","Kenya","KE"
"1700","Kyrgyz Republic","KG"
"1701","Kyrgyz Republic","KG"
"1702","Kyrgyz Republic","KG"
"1703","Kyrgyz Republic","KG"
"1704","Kyrgyz Republic","KG"
"1705","Kyrgyz Republic","KG"
"1706","Kyrgyz Republic","KG"
"1707","Kyrgyz Republic","KG"
"1708","Kyrgyz Republic","KG"
"1709","Kyrgyz Republic","KG"
"1710","Kyrgyz Republic","KG"
"1711","Kyrgyz Republic","KG"
"1712","Kyrgyz Republic","KG"
"1713","Kyrgyz Republic","KG"
"1714","Kyrgyz Republic","KG"
"1715","Kyrgyz Republic","KG"
"1716","Kyrgyz Republic","KG"
"1717","Kyrgyz Republic","KG"
"1718","Cambodia","KH"
"1719","Cambodia","KH"
"1720","Cambodia","KH"
"1721","Cambodia","KH"
"1722","Cambodia","KH"
"1723","Cambodia","KH"
"1724","Cambodia","KH"
"1725","Cambodia","KH"
"1726","Cambodia","KH"
"1727","Cambodia","KH"
"1728","Cambodia","KH"
"1729","Cambodia","KH"
"1730","Cambodia","KH"
"1731","Cambodia","KH"
"1732","Cambodia","KH"
"1733","Cambodia","KH"
"1734","Cambodia","KH"
"1735","Cambodia","KH"
"1736","Kiribati","KI"
"1737","Kiribati","KI"
"1738","Kiribati","KI"
"1739","Kiribati","KI"
"1740","Kiribati","KI"
"1741","Kiribati","KI"
"1742","Kiribati","KI"
"1743","Kiribati","KI"
"1744","Kiribati","KI"
"1745","Kiribati","KI"
"1746","Kiribati","KI"
"1747","Kiribati","KI"
"1748","Kiribati","KI"
"1749","Kiribati","KI"
"1750","St. Kitts and Nevis","KN"
"1751","St. Kitts and Nevis","KN"
"1752","St. Kitts and Nevis","KN"
"1753","St. Kitts and Nevis","KN"
"1754","St. Kitts and Nevis","KN"
"1755","St. Kitts and Nevis","KN"
"1756","St. Kitts and Nevis","KN"
"1757","St. Kitts and Nevis","KN"
"1758","St. Kitts and Nevis","KN"
"1759","St. Kitts and Nevis","KN"
"1760","St. Kitts and Nevis","KN"
"1761","St. Kitts and Nevis","KN"
"1762","St. Kitts and Nevis","KN"
"1763","St. Kitts and Nevis","KN"
"1764","Korea, Rep.","KR"
"1765","Korea, Rep.","KR"
"1766","Korea, Rep.","KR"
"1767","Korea, Rep.","KR"
"1768","Korea, Rep.","KR"
"1769","Korea, Rep.","KR"
"1770","Korea, Rep.","KR"
"1771","Korea, Rep.","KR"
"1772","Korea, Rep.","KR"
"1773","Korea, Rep.","KR"
"1774","Korea, Rep.","KR"
"1775","Korea, Rep.","KR"
"1776","Korea, Rep.","KR"
"1777","Korea, Rep.","KR"
"1778","Korea, Rep.","KR"
"1779","Korea, Rep.","KR"
"1780","Korea, Rep.","KR"
"1781","Korea, Rep.","KR"
"1782","Kuwait","KW"
"1783","Kuwait","KW"
"1784","Kuwait","KW"
"1785","Kuwait","KW"
"1786","Kuwait","KW"
"1787","Kuwait","KW"
"1788","Kuwait","KW"
"1789","Kuwait","KW"
"1790","Kuwait","KW"
"1791","Kuwait","KW"
"1792","Kuwait","KW"
"1793","Kuwait","KW"
"1794","Kuwait","KW"
"1795","Kuwait","KW"
"1796","Kuwait","KW"
"1797","Kuwait","KW"
"1798","Kuwait","KW"
"1799","Kuwait","KW"
"1800","Lao PDR","LA"
"1801","Lao PDR","LA"
"1802","Lao PDR","LA"
"1803","Lao PDR","LA"
"1804","Lao PDR","LA"
"1805","Lao PDR","LA"
"1806","Lao PDR","LA"
"1807","Lao PDR","LA"
"1808","Lao PDR","LA"
"1809","Lao PDR","LA"
"1810","Lao PDR","LA"
"1811","Lao PDR","LA"
"1812","Lao PDR","LA"
"1813","Lao PDR","LA"
"1814","Lao PDR","LA"
"1815","Lao PDR","LA"
"1816","Lao PDR","LA"
"1817","Lao PDR","LA"
"1818","Lebanon","LB"
"1819","Lebanon","LB"
"1820","Lebanon","LB"
"1821","Lebanon","LB"
"1822","Lebanon","LB"
"1823","Lebanon","LB"
"1824","Lebanon","LB"
"1825","Lebanon","LB"
"1826","Lebanon","LB"
"1827","Lebanon","LB"
"1828","Lebanon","LB"
"1829","Lebanon","LB"
"1830","Lebanon","LB"
"1831","Lebanon","LB"
"1832","Lebanon","LB"
"1833","Lebanon","LB"
"1834","Lebanon","LB"
"1835","Lebanon","LB"
"1836","Liberia","LR"
"1837","Liberia","LR"
"1838","Liberia","LR"
"1839","Liberia","LR"
"1840","Liberia","LR"
"1841","Liberia","LR"
"1842","Liberia","LR"
"1843","Liberia","LR"
"1844","Liberia","LR"
"1845","Liberia","LR"
"1846","Liberia","LR"
"1847","Liberia","LR"
"1848","Liberia","LR"
"1849","Liberia","LR"
"1850","Liberia","LR"
"1851","Liberia","LR"
"1852","Liberia","LR"
"1853","Liberia","LR"
"1854","Libya","LY"
"1855","Libya","LY"
"1856","Libya","LY"
"1857","Libya","LY"
"1858","Libya","LY"
"1859","Libya","LY"
"1860","Libya","LY"
"1861","Libya","LY"
"1862","Libya","LY"
"1863","Libya","LY"
"1864","Libya","LY"
"1865","Libya","LY"
"1866","Libya","LY"
"1867","Libya","LY"
"1868","Libya","LY"
"1869","Libya","LY"
"1870","Libya","LY"
"1871","Libya","LY"
"1872","St. Lucia","LC"
"1873","St. Lucia","LC"
"1874","St. Lucia","LC"
"1875","St. Lucia","LC"
"1876","St. Lucia","LC"
"1877","St. Lucia","LC"
"1878","St. Lucia","LC"
"1879","St. Lucia","LC"
"1880","St. Lucia","LC"
"1881","St. Lucia","LC"
"1882","St. Lucia","LC"
"1883","St. Lucia","LC"
"1884","St. Lucia","LC"
"1885","St. Lucia","LC"
"1886","St. Lucia","LC"
"1887","St. Lucia","LC"
"1888","St. Lucia","LC"
"1889","St. Lucia","LC"
"1890","Liechtenstein","LI"
"1891","Liechtenstein","LI"
"1892","Liechtenstein","LI"
"1893","Liechtenstein","LI"
"1894","Liechtenstein","LI"
"1895","Liechtenstein","LI"
"1896","Liechtenstein","LI"
"1897","Liechtenstein","LI"
"1898","Liechtenstein","LI"
"1899","Liechtenstein","LI"
"1900","Liechtenstein","LI"
"1901","Liechtenstein","LI"
"1902","Liechtenstein","LI"
"1903","Liechtenstein","LI"
"1904","Liechtenstein","LI"
"1905","Liechtenstein","LI"
"1906","Liechtenstein","LI"
"1907","Liechtenstein","LI"
"1908","Sri Lanka","LK"
"1909","Sri Lanka","LK"
"1910","Sri Lanka","LK"
"1911","Sri Lanka","LK"
"1912","Sri Lanka","LK"
"1913","Sri Lanka","LK"
"1914","Sri Lanka","LK"
"1915","Sri Lanka","LK"
"1916","Sri Lanka","LK"
"1917","Sri Lanka","LK"
"1918","Sri Lanka","LK"
"1919","Sri Lanka","LK"
"1920","Sri Lanka","LK"
"1921","Sri Lanka","LK"
"1922","Sri Lanka","LK"
"1923","Sri Lanka","LK"
"1924","Sri Lanka","LK"
"1925","Sri Lanka","LK"
"1926","Lesotho","LS"
"1927","Lesotho","LS"
"1928","Lesotho","LS"
"1929","Lesotho","LS"
"1930","Lesotho","LS"
"1931","Lesotho","LS"
"1932","Lesotho","LS"
"1933","Lesotho","LS"
"1934","Lesotho","LS"
"1935","Lesotho","LS"
"1936","Lesotho","LS"
"1937","Lesotho","LS"
"1938","Lesotho","LS"
"1939","Lesotho","LS"
"1940","Lesotho","LS"
"1941","Lesotho","LS"
"1942","Lesotho","LS"
"1943","Lesotho","LS"
"1944","Lithuania","LT"
"1945","Lithuania","LT"
"1946","Lithuania","LT"
"1947","Lithuania","LT"
"1948","Lithuania","LT"
"1949","Lithuania","LT"
"1950","Lithuania","LT"
"1951","Lithuania","LT"
"1952","Lithuania","LT"
"1953","Lithuania","LT"
"1954","Lithuania","LT"
"1955","Lithuania","LT"
"1956","Lithuania","LT"
"1957","Lithuania","LT"
"1958","Lithuania","LT"
"1959","Lithuania","LT"
"1960","Lithuania","LT"
"1961","Lithuania","LT"
"1962","Luxembourg","LU"
"1963","Luxembourg","LU"
"1964","Luxembourg","LU"
"1965","Luxembourg","LU"
"1966","Luxembourg","LU"
"1967","Luxembourg","LU"
"1968","Luxembourg","LU"
"1969","Luxembourg","LU"
"1970","Luxembourg","LU"
"1971","Luxembourg","LU"
"1972","Luxembourg","LU"
"1973","Luxembourg","LU"
"1974","Luxembourg","LU"
"1975","Luxembourg","LU"
"1976","Luxembourg","LU"
"1977","Luxembourg","LU"
"1978","Luxembourg","LU"
"1979","Luxembourg","LU"
"1980","Latvia","LV"
"1981","Latvia","LV"
"1982","Latvia","LV"
"1983","Latvia","LV"
"1984","Latvia","LV"
"1985","Latvia","LV"
"1986","Latvia","LV"
"1987","Latvia","LV"
"1988","Latvia","LV"
"1989","Latvia","LV"
"1990","Latvia","LV"
"1991","Latvia","LV"
"1992","Latvia","LV"
"1993","Latvia","LV"
"1994","Latvia","LV"
"1995","Latvia","LV"
"1996","Latvia","LV"
"1997","Latvia","LV"
"1998","Macao SAR, China","MO"
"1999","Macao SAR, China","MO"
"2000","Macao SAR, China","MO"
"2001","Macao SAR, China","MO"
"2002","Macao SAR, China","MO"
"2003","Macao SAR, China","MO"
"2004","Macao SAR, China","MO"
"2005","Macao SAR, China","MO"
"2006","Macao SAR, China","MO"
"2007","Macao SAR, China","MO"
"2008","Macao SAR, China","MO"
"2009","Macao SAR, China","MO"
"2010","Macao SAR, China","MO"
"2011","Macao SAR, China","MO"
"2012","Macao SAR, China","MO"
"2013","Macao SAR, China","MO"
"2014","Macao SAR, China","MO"
"2015","Macao SAR, China","MO"
"2016","Morocco","MA"
"2017","Morocco","MA"
"2018","Morocco","MA"
"2019","Morocco","MA"
"2020","Morocco","MA"
"2021","Morocco","MA"
"2022","Morocco","MA"
"2023","Morocco","MA"
"2024","Morocco","MA"
"2025","Morocco","MA"
"2026","Morocco","MA"
"2027","Morocco","MA"
"2028","Morocco","MA"
"2029","Morocco","MA"
"2030","Morocco","MA"
"2031","Morocco","MA"
"2032","Morocco","MA"
"2033","Morocco","MA"
"2034","Monaco","MC"
"2035","Monaco","MC"
"2036","Monaco","MC"
"2037","Monaco","MC"
"2038","Monaco","MC"
"2039","Monaco","MC"
"2040","Monaco","MC"
"2041","Monaco","MC"
"2042","Monaco","MC"
"2043","Monaco","MC"
"2044","Monaco","MC"
"2045","Monaco","MC"
"2046","Monaco","MC"
"2047","Monaco","MC"
"2048","Moldova","MD"
"2049","Moldova","MD"
"2050","Moldova","MD"
"2051","Moldova","MD"
"2052","Moldova","MD"
"2053","Moldova","MD"
"2054","Moldova","MD"
"2055","Moldova","MD"
"2056","Moldova","MD"
"2057","Moldova","MD"
"2058","Moldova","MD"
"2059","Moldova","MD"
"2060","Moldova","MD"
"2061","Moldova","MD"
"2062","Moldova","MD"
"2063","Moldova","MD"
"2064","Moldova","MD"
"2065","Moldova","MD"
"2066","Madagascar","MG"
"2067","Madagascar","MG"
"2068","Madagascar","MG"
"2069","Madagascar","MG"
"2070","Madagascar","MG"
"2071","Madagascar","MG"
"2072","Madagascar","MG"
"2073","Madagascar","MG"
"2074","Madagascar","MG"
"2075","Madagascar","MG"
"2076","Madagascar","MG"
"2077","Madagascar","MG"
"2078","Madagascar","MG"
"2079","Madagascar","MG"
"2080","Madagascar","MG"
"2081","Madagascar","MG"
"2082","Madagascar","MG"
"2083","Madagascar","MG"
"2084","Maldives","MV"
"2085","Maldives","MV"
"2086","Maldives","MV"
"2087","Maldives","MV"
"2088","Maldives","MV"
"2089","Maldives","MV"
"2090","Maldives","MV"
"2091","Maldives","MV"
"2092","Maldives","MV"
"2093","Maldives","MV"
"2094","Maldives","MV"
"2095","Maldives","MV"
"2096","Maldives","MV"
"2097","Maldives","MV"
"2098","Maldives","MV"
"2099","Maldives","MV"
"2100","Maldives","MV"
"2101","Maldives","MV"
"2102","Mexico","MX"
"2103","Mexico","MX"
"2104","Mexico","MX"
"2105","Mexico","MX"
"2106","Mexico","MX"
"2107","Mexico","MX"
"2108","Mexico","MX"
"2109","Mexico","MX"
"2110","Mexico","MX"
"2111","Mexico","MX"
"2112","Mexico","MX"
"2113","Mexico","MX"
"2114","Mexico","MX"
"2115","Mexico","MX"
"2116","Mexico","MX"
"2117","Mexico","MX"
"2118","Mexico","MX"
"2119","Mexico","MX"
"2120","Marshall Islands","MH"
"2121","Marshall Islands","MH"
"2122","Marshall Islands","MH"
"2123","Marshall Islands","MH"
"2124","Marshall Islands","MH"
"2125","Marshall Islands","MH"
"2126","Marshall Islands","MH"
"2127","Marshall Islands","MH"
"2128","Marshall Islands","MH"
"2129","Marshall Islands","MH"
"2130","Marshall Islands","MH"
"2131","Marshall Islands","MH"
"2132","Marshall Islands","MH"
"2133","Marshall Islands","MH"
"2134","Macedonia, FYR","MK"
"2135","Macedonia, FYR","MK"
"2136","Macedonia, FYR","MK"
"2137","Macedonia, FYR","MK"
"2138","Macedonia, FYR","MK"
"2139","Macedonia, FYR","MK"
"2140","Macedonia, FYR","MK"
"2141","Macedonia, FYR","MK"
"2142","Macedonia, FYR","MK"
"2143","Macedonia, FYR","MK"
"2144","Macedonia, FYR","MK"
"2145","Macedonia, FYR","MK"
"2146","Macedonia, FYR","MK"
"2147","Macedonia, FYR","MK"
"2148","Macedonia, FYR","MK"
"2149","Macedonia, FYR","MK"
"2150","Macedonia, FYR","MK"
"2151","Macedonia, FYR","MK"
"2152","Mali","ML"
"2153","Mali","ML"
"2154","Mali","ML"
"2155","Mali","ML"
"2156","Mali","ML"
"2157","Mali","ML"
"2158","Mali","ML"
"2159","Mali","ML"
"2160","Mali","ML"
"2161","Mali","ML"
"2162","Mali","ML"
"2163","Mali","ML"
"2164","Mali","ML"
"2165","Mali","ML"
"2166","Mali","ML"
"2167","Mali","ML"
"2168","Mali","ML"
"2169","Mali","ML"
"2170","Malta","MT"
"2171","Malta","MT"
"2172","Malta","MT"
"2173","Malta","MT"
"2174","Malta","MT"
"2175","Malta","MT"
"2176","Malta","MT"
"2177","Malta","MT"
"2178","Malta","MT"
"2179","Malta","MT"
"2180","Malta","MT"
"2181","Malta","MT"
"2182","Malta","MT"
"2183","Malta","MT"
"2184","Malta","MT"
"2185","Malta","MT"
"2186","Malta","MT"
"2187","Malta","MT"
"2188","Myanmar","MM"
"2189","Myanmar","MM"
"2190","Myanmar","MM"
"2191","Myanmar","MM"
"2192","Myanmar","MM"
"2193","Myanmar","MM"
"2194","Myanmar","MM"
"2195","Myanmar","MM"
"2196","Myanmar","MM"
"2197","Myanmar","MM"
"2198","Myanmar","MM"
"2199","Myanmar","MM"
"2200","Myanmar","MM"
"2201","Myanmar","MM"
"2202","Myanmar","MM"
"2203","Myanmar","MM"
"2204","Myanmar","MM"
"2205","Myanmar","MM"
"2206","Montenegro","ME"
"2207","Montenegro","ME"
"2208","Montenegro","ME"
"2209","Montenegro","ME"
"2210","Montenegro","ME"
"2211","Montenegro","ME"
"2212","Montenegro","ME"
"2213","Montenegro","ME"
"2214","Montenegro","ME"
"2215","Montenegro","ME"
"2216","Montenegro","ME"
"2217","Mongolia","MN"
"2218","Mongolia","MN"
"2219","Mongolia","MN"
"2220","Mongolia","MN"
"2221","Mongolia","MN"
"2222","Mongolia","MN"
"2223","Mongolia","MN"
"2224","Mongolia","MN"
"2225","Mongolia","MN"
"2226","Mongolia","MN"
"2227","Mongolia","MN"
"2228","Mongolia","MN"
"2229","Mongolia","MN"
"2230","Mongolia","MN"
"2231","Mongolia","MN"
"2232","Mongolia","MN"
"2233","Mongolia","MN"
"2234","Mongolia","MN"
"2235","Mozambique","MZ"
"2236","Mozambique","MZ"
"2237","Mozambique","MZ"
"2238","Mozambique","MZ"
"2239","Mozambique","MZ"
"2240","Mozambique","MZ"
"2241","Mozambique","MZ"
"2242","Mozambique","MZ"
"2243","Mozambique","MZ"
"2244","Mozambique","MZ"
"2245","Mozambique","MZ"
"2246","Mozambique","MZ"
"2247","Mozambique","MZ"
"2248","Mozambique","MZ"
"2249","Mozambique","MZ"
"2250","Mozambique","MZ"
"2251","Mozambique","MZ"
"2252","Mozambique","MZ"
"2253","Mauritania","MR"
"2254","Mauritania","MR"
"2255","Mauritania","MR"
"2256","Mauritania","MR"
"2257","Mauritania","MR"
"2258","Mauritania","MR"
"2259","Mauritania","MR"
"2260","Mauritania","MR"
"2261","Mauritania","MR"
"2262","Mauritania","MR"
"2263","Mauritania","MR"
"2264","Mauritania","MR"
"2265","Mauritania","MR"
"2266","Mauritania","MR"
"2267","Mauritania","MR"
"2268","Mauritania","MR"
"2269","Mauritania","MR"
"2270","Mauritania","MR"
"2271","Mauritius","MU"
"2272","Mauritius","MU"
"2273","Mauritius","MU"
"2274","Mauritius","MU"
"2275","Mauritius","MU"
"2276","Mauritius","MU"
"2277","Mauritius","MU"
"2278","Mauritius","MU"
"2279","Mauritius","MU"
"2280","Mauritius","MU"
"2281","Mauritius","MU"
"2282","Mauritius","MU"
"2283","Mauritius","MU"
"2284","Mauritius","MU"
"2285","Mauritius","MU"
"2286","Mauritius","MU"
"2287","Mauritius","MU"
"2288","Mauritius","MU"
"2289","Malawi","MW"
"2290","Malawi","MW"
"2291","Malawi","MW"
"2292","Malawi","MW"
"2293","Malawi","MW"
"2294","Malawi","MW"
"2295","Malawi","MW"
"2296","Malawi","MW"
"2297","Malawi","MW"
"2298","Malawi","MW"
"2299","Malawi","MW"
"2300","Malawi","MW"
"2301","Malawi","MW"
"2302","Malawi","MW"
"2303","Malawi","MW"
"2304","Malawi","MW"
"2305","Malawi","MW"
"2306","Malawi","MW"
"2307","Malaysia","MY"
"2308","Malaysia","MY"
"2309","Malaysia","MY"
"2310","Malaysia","MY"
"2311","Malaysia","MY"
"2312","Malaysia","MY"
"2313","Malaysia","MY"
"2314","Malaysia","MY"
"2315","Malaysia","MY"
"2316","Malaysia","MY"
"2317","Malaysia","MY"
"2318","Malaysia","MY"
"2319","Malaysia","MY"
"2320","Malaysia","MY"
"2321","Malaysia","MY"
"2322","Malaysia","MY"
"2323","Malaysia","MY"
"2324","Malaysia","MY"
"2325","Namibia","NA"
"2326","Namibia","NA"
"2327","Namibia","NA"
"2328","Namibia","NA"
"2329","Namibia","NA"
"2330","Namibia","NA"
"2331","Namibia","NA"
"2332","Namibia","NA"
"2333","Namibia","NA"
"2334","Namibia","NA"
"2335","Namibia","NA"
"2336","Namibia","NA"
"2337","Namibia","NA"
"2338","Namibia","NA"
"2339","Namibia","NA"
"2340","Namibia","NA"
"2341","Namibia","NA"
"2342","Namibia","NA"
"2343","Niger","NE"
"2344","Niger","NE"
"2345","Niger","NE"
"2346","Niger","NE"
"2347","Niger","NE"
"2348","Niger","NE"
"2349","Niger","NE"
"2350","Niger","NE"
"2351","Niger","NE"
"2352","Niger","NE"
"2353","Niger","NE"
"2354","Niger","NE"
"2355","Niger","NE"
"2356","Niger","NE"
"2357","Niger","NE"
"2358","Niger","NE"
"2359","Niger","NE"
"2360","Niger","NE"
"2361","Nigeria","NG"
"2362","Nigeria","NG"
"2363","Nigeria","NG"
"2364","Nigeria","NG"
"2365","Nigeria","NG"
"2366","Nigeria","NG"
"2367","Nigeria","NG"
"2368","Nigeria","NG"
"2369","Nigeria","NG"
"2370","Nigeria","NG"
"2371","Nigeria","NG"
"2372","Nigeria","NG"
"2373","Nigeria","NG"
"2374","Nigeria","NG"
"2375","Nigeria","NG"
"2376","Nigeria","NG"
"2377","Nigeria","NG"
"2378","Nigeria","NG"
"2379","Nicaragua","NI"
"2380","Nicaragua","NI"
"2381","Nicaragua","NI"
"2382","Nicaragua","NI"
"2383","Nicaragua","NI"
"2384","Nicaragua","NI"
"2385","Nicaragua","NI"
"2386","Nicaragua","NI"
"2387","Nicaragua","NI"
"2388","Nicaragua","NI"
"2389","Nicaragua","NI"
"2390","Nicaragua","NI"
"2391","Nicaragua","NI"
"2392","Nicaragua","NI"
"2393","Nicaragua","NI"
"2394","Nicaragua","NI"
"2395","Nicaragua","NI"
"2396","Nicaragua","NI"
"2397","Netherlands","NL"
"2398","Netherlands","NL"
"2399","Netherlands","NL"
"2400","Netherlands","NL"
"2401","Netherlands","NL"
"2402","Netherlands","NL"
"2403","Netherlands","NL"
"2404","Netherlands","NL"
"2405","Netherlands","NL"
"2406","Netherlands","NL"
"2407","Netherlands","NL"
"2408","Netherlands","NL"
"2409","Netherlands","NL"
"2410","Netherlands","NL"
"2411","Netherlands","NL"
"2412","Netherlands","NL"
"2413","Netherlands","NL"
"2414","Netherlands","NL"
"2415","Norway","NO"
"2416","Norway","NO"
"2417","Norway","NO"
"2418","Norway","NO"
"2419","Norway","NO"
"2420","Norway","NO"
"2421","Norway","NO"
"2422","Norway","NO"
"2423","Norway","NO"
"2424","Norway","NO"
"2425","Norway","NO"
"2426","Norway","NO"
"2427","Norway","NO"
"2428","Norway","NO"
"2429","Norway","NO"
"2430","Norway","NO"
"2431","Norway","NO"
"2432","Norway","NO"
"2433","Nepal","NP"
"2434","Nepal","NP"
"2435","Nepal","NP"
"2436","Nepal","NP"
"2437","Nepal","NP"
"2438","Nepal","NP"
"2439","Nepal","NP"
"2440","Nepal","NP"
"2441","Nepal","NP"
"2442","Nepal","NP"
"2443","Nepal","NP"
"2444","Nepal","NP"
"2445","Nepal","NP"
"2446","Nepal","NP"
"2447","Nepal","NP"
"2448","Nepal","NP"
"2449","Nepal","NP"
"2450","Nepal","NP"
"2451","Nauru","NR"
"2452","Nauru","NR"
"2453","Nauru","NR"
"2454","Nauru","NR"
"2455","Nauru","NR"
"2456","Nauru","NR"
"2457","Nauru","NR"
"2458","Nauru","NR"
"2459","Nauru","NR"
"2460","Nauru","NR"
"2461","Nauru","NR"
"2462","Nauru","NR"
"2463","Nauru","NR"
"2464","Nauru","NR"
"2465","New Zealand","NZ"
"2466","New Zealand","NZ"
"2467","New Zealand","NZ"
"2468","New Zealand","NZ"
"2469","New Zealand","NZ"
"2470","New Zealand","NZ"
"2471","New Zealand","NZ"
"2472","New Zealand","NZ"
"2473","New Zealand","NZ"
"2474","New Zealand","NZ"
"2475","New Zealand","NZ"
"2476","New Zealand","NZ"
"2477","New Zealand","NZ"
"2478","New Zealand","NZ"
"2479","New Zealand","NZ"
"2480","New Zealand","NZ"
"2481","New Zealand","NZ"
"2482","New Zealand","NZ"
"2483","Oman","OM"
"2484","Oman","OM"
"2485","Oman","OM"
"2486","Oman","OM"
"2487","Oman","OM"
"2488","Oman","OM"
"2489","Oman","OM"
"2490","Oman","OM"
"2491","Oman","OM"
"2492","Oman","OM"
"2493","Oman","OM"
"2494","Oman","OM"
"2495","Oman","OM"
"2496","Oman","OM"
"2497","Oman","OM"
"2498","Oman","OM"
"2499","Oman","OM"
"2500","Oman","OM"
"2501","Pakistan","PK"
"2502","Pakistan","PK"
"2503","Pakistan","PK"
"2504","Pakistan","PK"
"2505","Pakistan","PK"
"2506","Pakistan","PK"
"2507","Pakistan","PK"
"2508","Pakistan","PK"
"2509","Pakistan","PK"
"2510","Pakistan","PK"
"2511","Pakistan","PK"
"2512","Pakistan","PK"
"2513","Pakistan","PK"
"2514","Pakistan","PK"
"2515","Pakistan","PK"
"2516","Pakistan","PK"
"2517","Pakistan","PK"
"2518","Pakistan","PK"
"2519","Panama","PA"
"2520","Panama","PA"
"2521","Panama","PA"
"2522","Panama","PA"
"2523","Panama","PA"
"2524","Panama","PA"
"2525","Panama","PA"
"2526","Panama","PA"
"2527","Panama","PA"
"2528","Panama","PA"
"2529","Panama","PA"
"2530","Panama","PA"
"2531","Panama","PA"
"2532","Panama","PA"
"2533","Panama","PA"
"2534","Panama","PA"
"2535","Panama","PA"
"2536","Panama","PA"
"2537","Peru","PE"
"2538","Peru","PE"
"2539","Peru","PE"
"2540","Peru","PE"
"2541","Peru","PE"
"2542","Peru","PE"
"2543","Peru","PE"
"2544","Peru","PE"
"2545","Peru","PE"
"2546","Peru","PE"
"2547","Peru","PE"
"2548","Peru","PE"
"2549","Peru","PE"
"2550","Peru","PE"
"2551","Peru","PE"
"2552","Peru","PE"
"2553","Peru","PE"
"2554","Peru","PE"
"2555","Philippines","PH"
"2556","Philippines","PH"
"2557","Philippines","PH"
"2558","Philippines","PH"
"2559","Philippines","PH"
"2560","Philippines","PH"
"2561","Philippines","PH"
"2562","Philippines","PH"
"2563","Philippines","PH"
"2564","Philippines","PH"
"2565","Philippines","PH"
"2566","Philippines","PH"
"2567","Philippines","PH"
"2568","Philippines","PH"
"2569","Philippines","PH"
"2570","Philippines","PH"
"2571","Philippines","PH"
"2572","Philippines","PH"
"2573","Palau","PW"
"2574","Palau","PW"
"2575","Palau","PW"
"2576","Palau","PW"
"2577","Palau","PW"
"2578","Palau","PW"
"2579","Palau","PW"
"2580","Palau","PW"
"2581","Palau","PW"
"2582","Palau","PW"
"2583","Palau","PW"
"2584","Palau","PW"
"2585","Palau","PW"
"2586","Palau","PW"
"2587","Papua New Guinea","PG"
"2588","Papua New Guinea","PG"
"2589","Papua New Guinea","PG"
"2590","Papua New Guinea","PG"
"2591","Papua New Guinea","PG"
"2592","Papua New Guinea","PG"
"2593","Papua New Guinea","PG"
"2594","Papua New Guinea","PG"
"2595","Papua New Guinea","PG"
"2596","Papua New Guinea","PG"
"2597","Papua New Guinea","PG"
"2598","Papua New Guinea","PG"
"2599","Papua New Guinea","PG"
"2600","Papua New Guinea","PG"
"2601","Papua New Guinea","PG"
"2602","Papua New Guinea","PG"
"2603","Papua New Guinea","PG"
"2604","Papua New Guinea","PG"
"2605","Poland","PL"
"2606","Poland","PL"
"2607","Poland","PL"
"2608","Poland","PL"
"2609","Poland","PL"
"2610","Poland","PL"
"2611","Poland","PL"
"2612","Poland","PL"
"2613","Poland","PL"
"2614","Poland","PL"
"2615","Poland","PL"
"2616","Poland","PL"
"2617","Poland","PL"
"2618","Poland","PL"
"2619","Poland","PL"
"2620","Poland","PL"
"2621","Poland","PL"
"2622","Poland","PL"
"2623","Puerto Rico","PR"
"2624","Puerto Rico","PR"
"2625","Puerto Rico","PR"
"2626","Puerto Rico","PR"
"2627","Puerto Rico","PR"
"2628","Puerto Rico","PR"
"2629","Puerto Rico","PR"
"2630","Puerto Rico","PR"
"2631","Puerto Rico","PR"
"2632","Puerto Rico","PR"
"2633","Puerto Rico","PR"
"2634","Puerto Rico","PR"
"2635","Puerto Rico","PR"
"2636","Puerto Rico","PR"
"2637","Puerto Rico","PR"
"2638","Puerto Rico","PR"
"2639","Puerto Rico","PR"
"2640","Puerto Rico","PR"
"2641","Korea, Dem. Peoples Rep.","KP"
"2642","Korea, Dem. Peoples Rep.","KP"
"2643","Korea, Dem. Peoples Rep.","KP"
"2644","Korea, Dem. Peoples Rep.","KP"
"2645","Korea, Dem. Peoples Rep.","KP"
"2646","Korea, Dem. Peoples Rep.","KP"
"2647","Korea, Dem. Peoples Rep.","KP"
"2648","Korea, Dem. Peoples Rep.","KP"
"2649","Korea, Dem. Peoples Rep.","KP"
"2650","Korea, Dem. Peoples Rep.","KP"
"2651","Korea, Dem. Peoples Rep.","KP"
"2652","Korea, Dem. Peoples Rep.","KP"
"2653","Korea, Dem. Peoples Rep.","KP"
"2654","Korea, Dem. Peoples Rep.","KP"
"2655","Korea, Dem. Peoples Rep.","KP"
"2656","Korea, Dem. Peoples Rep.","KP"
"2657","Korea, Dem. Peoples Rep.","KP"
"2658","Korea, Dem. Peoples Rep.","KP"
"2659","Portugal","PT"
"2660","Portugal","PT"
"2661","Portugal","PT"
"2662","Portugal","PT"
"2663","Portugal","PT"
"2664","Portugal","PT"
"2665","Portugal","PT"
"2666","Portugal","PT"
"2667","Portugal","PT"
"2668","Portugal","PT"
"2669","Portugal","PT"
"2670","Portugal","PT"
"2671","Portugal","PT"
"2672","Portugal","PT"
"2673","Portugal","PT"
"2674","Portugal","PT"
"2675","Portugal","PT"
"2676","Portugal","PT"
"2677","Paraguay","PY"
"2678","Paraguay","PY"
"2679","Paraguay","PY"
"2680","Paraguay","PY"
"2681","Paraguay","PY"
"2682","Paraguay","PY"
"2683","Paraguay","PY"
"2684","Paraguay","PY"
"2685","Paraguay","PY"
"2686","Paraguay","PY"
"2687","Paraguay","PY"
"2688","Paraguay","PY"
"2689","Paraguay","PY"
"2690","Paraguay","PY"
"2691","Paraguay","PY"
"2692","Paraguay","PY"
"2693","Paraguay","PY"
"2694","Paraguay","PY"
"2695","West Bank and Gaza","PS"
"2696","West Bank and Gaza","PS"
"2697","West Bank and Gaza","PS"
"2698","West Bank and Gaza","PS"
"2699","West Bank and Gaza","PS"
"2700","West Bank and Gaza","PS"
"2701","West Bank and Gaza","PS"
"2702","West Bank and Gaza","PS"
"2703","West Bank and Gaza","PS"
"2704","West Bank and Gaza","PS"
"2705","West Bank and Gaza","PS"
"2706","West Bank and Gaza","PS"
"2707","West Bank and Gaza","PS"
"2708","West Bank and Gaza","PS"
"2709","West Bank and Gaza","PS"
"2710","West Bank and Gaza","PS"
"2711","West Bank and Gaza","PS"
"2712","West Bank and Gaza","PS"
"2713","Qatar","QA"
"2714","Qatar","QA"
"2715","Qatar","QA"
"2716","Qatar","QA"
"2717","Qatar","QA"
"2718","Qatar","QA"
"2719","Qatar","QA"
"2720","Qatar","QA"
"2721","Qatar","QA"
"2722","Qatar","QA"
"2723","Qatar","QA"
"2724","Qatar","QA"
"2725","Qatar","QA"
"2726","Qatar","QA"
"2727","Qatar","QA"
"2728","Qatar","QA"
"2729","Qatar","QA"
"2730","Qatar","QA"
"2731","Romania","RO"
"2732","Romania","RO"
"2733","Romania","RO"
"2734","Romania","RO"
"2735","Romania","RO"
"2736","Romania","RO"
"2737","Romania","RO"
"2738","Romania","RO"
"2739","Romania","RO"
"2740","Romania","RO"
"2741","Romania","RO"
"2742","Romania","RO"
"2743","Romania","RO"
"2744","Romania","RO"
"2745","Romania","RO"
"2746","Romania","RO"
"2747","Romania","RO"
"2748","Romania","RO"
"2749","Russian Federation","RU"
"2750","Russian Federation","RU"
"2751","Russian Federation","RU"
"2752","Russian Federation","RU"
"2753","Russian Federation","RU"
"2754","Russian Federation","RU"
"2755","Russian Federation","RU"
"2756","Russian Federation","RU"
"2757","Russian Federation","RU"
"2758","Russian Federation","RU"
"2759","Russian Federation","RU"
"2760","Russian Federation","RU"
"2761","Russian Federation","RU"
"2762","Russian Federation","RU"
"2763","Russian Federation","RU"
"2764","Russian Federation","RU"
"2765","Russian Federation","RU"
"2766","Russian Federation","RU"
"2767","Rwanda","RW"
"2768","Rwanda","RW"
"2769","Rwanda","RW"
"2770","Rwanda","RW"
"2771","Rwanda","RW"
"2772","Rwanda","RW"
"2773","Rwanda","RW"
"2774","Rwanda","RW"
"2775","Rwanda","RW"
"2776","Rwanda","RW"
"2777","Rwanda","RW"
"2778","Rwanda","RW"
"2779","Rwanda","RW"
"2780","Rwanda","RW"
"2781","Rwanda","RW"
"2782","Rwanda","RW"
"2783","Rwanda","RW"
"2784","Rwanda","RW"
"2785","Saudi Arabia","SA"
"2786","Saudi Arabia","SA"
"2787","Saudi Arabia","SA"
"2788","Saudi Arabia","SA"
"2789","Saudi Arabia","SA"
"2790","Saudi Arabia","SA"
"2791","Saudi Arabia","SA"
"2792","Saudi Arabia","SA"
"2793","Saudi Arabia","SA"
"2794","Saudi Arabia","SA"
"2795","Saudi Arabia","SA"
"2796","Saudi Arabia","SA"
"2797","Saudi Arabia","SA"
"2798","Saudi Arabia","SA"
"2799","Saudi Arabia","SA"
"2800","Saudi Arabia","SA"
"2801","Saudi Arabia","SA"
"2802","Saudi Arabia","SA"
"2803","Sudan","SD"
"2804","Sudan","SD"
"2805","Sudan","SD"
"2806","Sudan","SD"
"2807","Sudan","SD"
"2808","Sudan","SD"
"2809","Sudan","SD"
"2810","Sudan","SD"
"2811","Sudan","SD"
"2812","Sudan","SD"
"2813","Sudan","SD"
"2814","Sudan","SD"
"2815","Sudan","SD"
"2816","Sudan","SD"
"2817","Sudan","SD"
"2818","Sudan","SD"
"2819","Sudan","SD"
"2820","Sudan","SD"
"2821","Senegal","SN"
"2822","Senegal","SN"
"2823","Senegal","SN"
"2824","Senegal","SN"
"2825","Senegal","SN"
"2826","Senegal","SN"
"2827","Senegal","SN"
"2828","Senegal","SN"
"2829","Senegal","SN"
"2830","Senegal","SN"
"2831","Senegal","SN"
"2832","Senegal","SN"
"2833","Senegal","SN"
"2834","Senegal","SN"
"2835","Senegal","SN"
"2836","Senegal","SN"
"2837","Senegal","SN"
"2838","Senegal","SN"
"2839","Singapore","SG"
"2840","Singapore","SG"
"2841","Singapore","SG"
"2842","Singapore","SG"
"2843","Singapore","SG"
"2844","Singapore","SG"
"2845","Singapore","SG"
"2846","Singapore","SG"
"2847","Singapore","SG"
"2848","Singapore","SG"
"2849","Singapore","SG"
"2850","Singapore","SG"
"2851","Singapore","SG"
"2852","Singapore","SG"
"2853","Singapore","SG"
"2854","Singapore","SG"
"2855","Singapore","SG"
"2856","Singapore","SG"
"2857","Solomon Islands","SB"
"2858","Solomon Islands","SB"
"2859","Solomon Islands","SB"
"2860","Solomon Islands","SB"
"2861","Solomon Islands","SB"
"2862","Solomon Islands","SB"
"2863","Solomon Islands","SB"
"2864","Solomon Islands","SB"
"2865","Solomon Islands","SB"
"2866","Solomon Islands","SB"
"2867","Solomon Islands","SB"
"2868","Solomon Islands","SB"
"2869","Solomon Islands","SB"
"2870","Solomon Islands","SB"
"2871","Solomon Islands","SB"
"2872","Solomon Islands","SB"
"2873","Solomon Islands","SB"
"2874","Solomon Islands","SB"
"2875","Sierra Leone","SL"
"2876","Sierra Leone","SL"
"2877","Sierra Leone","SL"
"2878","Sierra Leone","SL"
"2879","Sierra Leone","SL"
"2880","Sierra Leone","SL"
"2881","Sierra Leone","SL"
"2882","Sierra Leone","SL"
"2883","Sierra Leone","SL"
"2884","Sierra Leone","SL"
"2885","Sierra Leone","SL"
"2886","Sierra Leone","SL"
"2887","Sierra Leone","SL"
"2888","Sierra Leone","SL"
"2889","Sierra Leone","SL"
"2890","Sierra Leone","SL"
"2891","Sierra Leone","SL"
"2892","Sierra Leone","SL"
"2893","El Salvador","SV"
"2894","El Salvador","SV"
"2895","El Salvador","SV"
"2896","El Salvador","SV"
"2897","El Salvador","SV"
"2898","El Salvador","SV"
"2899","El Salvador","SV"
"2900","El Salvador","SV"
"2901","El Salvador","SV"
"2902","El Salvador","SV"
"2903","El Salvador","SV"
"2904","El Salvador","SV"
"2905","El Salvador","SV"
"2906","El Salvador","SV"
"2907","El Salvador","SV"
"2908","El Salvador","SV"
"2909","El Salvador","SV"
"2910","El Salvador","SV"
"2911","San Marino","SM"
"2912","San Marino","SM"
"2913","San Marino","SM"
"2914","San Marino","SM"
"2915","San Marino","SM"
"2916","San Marino","SM"
"2917","San Marino","SM"
"2918","San Marino","SM"
"2919","San Marino","SM"
"2920","San Marino","SM"
"2921","San Marino","SM"
"2922","San Marino","SM"
"2923","San Marino","SM"
"2924","San Marino","SM"
"2925","Somalia","SO"
"2926","Somalia","SO"
"2927","Somalia","SO"
"2928","Somalia","SO"
"2929","Somalia","SO"
"2930","Somalia","SO"
"2931","Somalia","SO"
"2932","Somalia","SO"
"2933","Somalia","SO"
"2934","Somalia","SO"
"2935","Somalia","SO"
"2936","Somalia","SO"
"2937","Somalia","SO"
"2938","Somalia","SO"
"2939","Somalia","SO"
"2940","Somalia","SO"
"2941","Somalia","SO"
"2942","Somalia","SO"
"2943","Serbia","RS"
"2944","Serbia","RS"
"2945","Serbia","RS"
"2946","Serbia","RS"
"2947","Serbia","RS"
"2948","Serbia","RS"
"2949","Serbia","RS"
"2950","Serbia","RS"
"2951","Serbia","RS"
"2952","Serbia","RS"
"2953","Serbia","RS"
"2954","Serbia","RS"
"2955","Serbia","RS"
"2956","Serbia","RS"
"2957","Serbia","RS"
"2958","Serbia","RS"
"2959","Serbia","RS"
"2960","Serbia","RS"
"2961","South Sudan","SS"
"2962","South Sudan","SS"
"2963","South Sudan","SS"
"2964","South Sudan","SS"
"2965","South Sudan","SS"
"2966","South Sudan","SS"
"2967","Sao Tome and Principe","ST"
"2968","Sao Tome and Principe","ST"
"2969","Sao Tome and Principe","ST"
"2970","Sao Tome and Principe","ST"
"2971","Sao Tome and Principe","ST"
"2972","Sao Tome and Principe","ST"
"2973","Sao Tome and Principe","ST"
"2974","Sao Tome and Principe","ST"
"2975","Sao Tome and Principe","ST"
"2976","Sao Tome and Principe","ST"
"2977","Sao Tome and Principe","ST"
"2978","Sao Tome and Principe","ST"
"2979","Sao Tome and Principe","ST"
"2980","Sao Tome and Principe","ST"
"2981","Sao Tome and Principe","ST"
"2982","Sao Tome and Principe","ST"
"2983","Sao Tome and Principe","ST"
"2984","Sao Tome and Principe","ST"
"2985","Suriname","SR"
"2986","Suriname","SR"
"2987","Suriname","SR"
"2988","Suriname","SR"
"2989","Suriname","SR"
"2990","Suriname","SR"
"2991","Suriname","SR"
"2992","Suriname","SR"
"2993","Suriname","SR"
"2994","Suriname","SR"
"2995","Suriname","SR"
"2996","Suriname","SR"
"2997","Suriname","SR"
"2998","Suriname","SR"
"2999","Suriname","SR"
"3000","Suriname","SR"
"3001","Suriname","SR"
"3002","Suriname","SR"
"3003","Slovak Republic","SK"
"3004","Slovak Republic","SK"
"3005","Slovak Republic","SK"
"3006","Slovak Republic","SK"
"3007","Slovak Republic","SK"
"3008","Slovak Republic","SK"
"3009","Slovak Republic","SK"
"3010","Slovak Republic","SK"
"3011","Slovak Republic","SK"
"3012","Slovak Republic","SK"
"3013","Slovak Republic","SK"
"3014","Slovak Republic","SK"
"3015","Slovak Republic","SK"
"3016","Slovak Republic","SK"
"3017","Slovak Republic","SK"
"3018","Slovak Republic","SK"
"3019","Slovak Republic","SK"
"3020","Slovak Republic","SK"
"3021","Slovenia","SI"
"3022","Slovenia","SI"
"3023","Slovenia","SI"
"3024","Slovenia","SI"
"3025","Slovenia","SI"
"3026","Slovenia","SI"
"3027","Slovenia","SI"
"3028","Slovenia","SI"
"3029","Slovenia","SI"
"3030","Slovenia","SI"
"3031","Slovenia","SI"
"3032","Slovenia","SI"
"3033","Slovenia","SI"
"3034","Slovenia","SI"
"3035","Slovenia","SI"
"3036","Slovenia","SI"
"3037","Slovenia","SI"
"3038","Slovenia","SI"
"3039","Sweden","SE"
"3040","Sweden","SE"
"3041","Sweden","SE"
"3042","Sweden","SE"
"3043","Sweden","SE"
"3044","Sweden","SE"
"3045","Sweden","SE"
"3046","Sweden","SE"
"3047","Sweden","SE"
"3048","Sweden","SE"
"3049","Sweden","SE"
"3050","Sweden","SE"
"3051","Sweden","SE"
"3052","Sweden","SE"
"3053","Sweden","SE"
"3054","Sweden","SE"
"3055","Sweden","SE"
"3056","Sweden","SE"
"3057","Swaziland","SZ"
"3058","Swaziland","SZ"
"3059","Swaziland","SZ"
"3060","Swaziland","SZ"
"3061","Swaziland","SZ"
"3062","Swaziland","SZ"
"3063","Swaziland","SZ"
"3064","Swaziland","SZ"
"3065","Swaziland","SZ"
"3066","Swaziland","SZ"
"3067","Swaziland","SZ"
"3068","Swaziland","SZ"
"3069","Swaziland","SZ"
"3070","Swaziland","SZ"
"3071","Swaziland","SZ"
"3072","Swaziland","SZ"
"3073","Swaziland","SZ"
"3074","Swaziland","SZ"
"3075","Seychelles","SC"
"3076","Seychelles","SC"
"3077","Seychelles","SC"
"3078","Seychelles","SC"
"3079","Seychelles","SC"
"3080","Seychelles","SC"
"3081","Seychelles","SC"
"3082","Seychelles","SC"
"3083","Seychelles","SC"
"3084","Seychelles","SC"
"3085","Seychelles","SC"
"3086","Seychelles","SC"
"3087","Seychelles","SC"
"3088","Seychelles","SC"
"3089","Seychelles","SC"
"3090","Seychelles","SC"
"3091","Seychelles","SC"
"3092","Seychelles","SC"
"3093","Syrian Arab Republic","SY"
"3094","Syrian Arab Republic","SY"
"3095","Syrian Arab Republic","SY"
"3096","Syrian Arab Republic","SY"
"3097","Syrian Arab Republic","SY"
"3098","Syrian Arab Republic","SY"
"3099","Syrian Arab Republic","SY"
"3100","Syrian Arab Republic","SY"
"3101","Syrian Arab Republic","SY"
"3102","Syrian Arab Republic","SY"
"3103","Syrian Arab Republic","SY"
"3104","Syrian Arab Republic","SY"
"3105","Syrian Arab Republic","SY"
"3106","Syrian Arab Republic","SY"
"3107","Syrian Arab Republic","SY"
"3108","Syrian Arab Republic","SY"
"3109","Syrian Arab Republic","SY"
"3110","Syrian Arab Republic","SY"
"3111","Chad","TD"
"3112","Chad","TD"
"3113","Chad","TD"
"3114","Chad","TD"
"3115","Chad","TD"
"3116","Chad","TD"
"3117","Chad","TD"
"3118","Chad","TD"
"3119","Chad","TD"
"3120","Chad","TD"
"3121","Chad","TD"
"3122","Chad","TD"
"3123","Chad","TD"
"3124","Chad","TD"
"3125","Chad","TD"
"3126","Chad","TD"
"3127","Chad","TD"
"3128","Chad","TD"
"3129","Togo","TG"
"3130","Togo","TG"
"3131","Togo","TG"
"3132","Togo","TG"
"3133","Togo","TG"
"3134","Togo","TG"
"3135","Togo","TG"
"3136","Togo","TG"
"3137","Togo","TG"
"3138","Togo","TG"
"3139","Togo","TG"
"3140","Togo","TG"
"3141","Togo","TG"
"3142","Togo","TG"
"3143","Togo","TG"
"3144","Togo","TG"
"3145","Togo","TG"
"3146","Togo","TG"
"3147","Thailand","TH"
"3148","Thailand","TH"
"3149","Thailand","TH"
"3150","Thailand","TH"
"3151","Thailand","TH"
"3152","Thailand","TH"
"3153","Thailand","TH"
"3154","Thailand","TH"
"3155","Thailand","TH"
"3156","Thailand","TH"
"3157","Thailand","TH"
"3158","Thailand","TH"
"3159","Thailand","TH"
"3160","Thailand","TH"
"3161","Thailand","TH"
"3162","Thailand","TH"
"3163","Thailand","TH"
"3164","Thailand","TH"
"3165","Tajikistan","TJ"
"3166","Tajikistan","TJ"
"3167","Tajikistan","TJ"
"3168","Tajikistan","TJ"
"3169","Tajikistan","TJ"
"3170","Tajikistan","TJ"
"3171","Tajikistan","TJ"
"3172","Tajikistan","TJ"
"3173","Tajikistan","TJ"
"3174","Tajikistan","TJ"
"3175","Tajikistan","TJ"
"3176","Tajikistan","TJ"
"3177","Tajikistan","TJ"
"3178","Tajikistan","TJ"
"3179","Tajikistan","TJ"
"3180","Tajikistan","TJ"
"3181","Tajikistan","TJ"
"3182","Tajikistan","TJ"
"3183","Turkmenistan","TM"
"3184","Turkmenistan","TM"
"3185","Turkmenistan","TM"
"3186","Turkmenistan","TM"
"3187","Turkmenistan","TM"
"3188","Turkmenistan","TM"
"3189","Turkmenistan","TM"
"3190","Turkmenistan","TM"
"3191","Turkmenistan","TM"
"3192","Turkmenistan","TM"
"3193","Turkmenistan","TM"
"3194","Turkmenistan","TM"
"3195","Turkmenistan","TM"
"3196","Turkmenistan","TM"
"3197","Turkmenistan","TM"
"3198","Turkmenistan","TM"
"3199","Turkmenistan","TM"
"3200","Turkmenistan","TM"
"3201","Timor-Leste","TL"
"3202","Timor-Leste","TL"
"3203","Timor-Leste","TL"
"3204","Timor-Leste","TL"
"3205","Timor-Leste","TL"
"3206","Timor-Leste","TL"
"3207","Timor-Leste","TL"
"3208","Timor-Leste","TL"
"3209","Timor-Leste","TL"
"3210","Timor-Leste","TL"
"3211","Timor-Leste","TL"
"3212","Timor-Leste","TL"
"3213","Timor-Leste","TL"
"3214","Timor-Leste","TL"
"3215","Timor-Leste","TL"
"3216","Timor-Leste","TL"
"3217","Tonga","TO"
"3218","Tonga","TO"
"3219","Tonga","TO"
"3220","Tonga","TO"
"3221","Tonga","TO"
"3222","Tonga","TO"
"3223","Tonga","TO"
"3224","Tonga","TO"
"3225","Tonga","TO"
"3226","Tonga","TO"
"3227","Tonga","TO"
"3228","Tonga","TO"
"3229","Tonga","TO"
"3230","Tonga","TO"
"3231","Trinidad and Tobago","TT"
"3232","Trinidad and Tobago","TT"
"3233","Trinidad and Tobago","TT"
"3234","Trinidad and Tobago","TT"
"3235","Trinidad and Tobago","TT"
"3236","Trinidad and Tobago","TT"
"3237","Trinidad and Tobago","TT"
"3238","Trinidad and Tobago","TT"
"3239","Trinidad and Tobago","TT"
"3240","Trinidad and Tobago","TT"
"3241","Trinidad and Tobago","TT"
"3242","Trinidad and Tobago","TT"
"3243","Trinidad and Tobago","TT"
"3244","Trinidad and Tobago","TT"
"3245","Trinidad and Tobago","TT"
"3246","Trinidad and Tobago","TT"
"3247","Trinidad and Tobago","TT"
"3248","Trinidad and Tobago","TT"
"3249","Tunisia","TN"
"3250","Tunisia","TN"
"3251","Tunisia","TN"
"3252","Tunisia","TN"
"3253","Tunisia","TN"
"3254","Tunisia","TN"
"3255","Tunisia","TN"
"3256","Tunisia","TN"
"3257","Tunisia","TN"
"3258","Tunisia","TN"
"3259","Tunisia","TN"
"3260","Tunisia","TN"
"3261","Tunisia","TN"
"3262","Tunisia","TN"
"3263","Tunisia","TN"
"3264","Tunisia","TN"
"3265","Tunisia","TN"
"3266","Tunisia","TN"
"3267","Turkey","TR"
"3268","Turkey","TR"
"3269","Turkey","TR"
"3270","Turkey","TR"
"3271","Turkey","TR"
"3272","Turkey","TR"
"3273","Turkey","TR"
"3274","Turkey","TR"
"3275","Turkey","TR"
"3276","Turkey","TR"
"3277","Turkey","TR"
"3278","Turkey","TR"
"3279","Turkey","TR"
"3280","Turkey","TR"
"3281","Turkey","TR"
"3282","Turkey","TR"
"3283","Turkey","TR"
"3284","Turkey","TR"
"3285","Tuvalu","TV"
"3286","Tuvalu","TV"
"3287","Tuvalu","TV"
"3288","Tuvalu","TV"
"3289","Tuvalu","TV"
"3290","Tuvalu","TV"
"3291","Tuvalu","TV"
"3292","Tuvalu","TV"
"3293","Tuvalu","TV"
"3294","Tuvalu","TV"
"3295","Tuvalu","TV"
"3296","Tuvalu","TV"
"3297","Tuvalu","TV"
"3298","Tuvalu","TV"
"3299","Taiwan, China","TW"
"3300","Taiwan, China","TW"
"3301","Taiwan, China","TW"
"3302","Taiwan, China","TW"
"3303","Taiwan, China","TW"
"3304","Taiwan, China","TW"
"3305","Taiwan, China","TW"
"3306","Taiwan, China","TW"
"3307","Taiwan, China","TW"
"3308","Taiwan, China","TW"
"3309","Taiwan, China","TW"
"3310","Taiwan, China","TW"
"3311","Taiwan, China","TW"
"3312","Taiwan, China","TW"
"3313","Taiwan, China","TW"
"3314","Taiwan, China","TW"
"3315","Taiwan, China","TW"
"3316","Taiwan, China","TW"
"3317","Tanzania","TZ"
"3318","Tanzania","TZ"
"3319","Tanzania","TZ"
"3320","Tanzania","TZ"
"3321","Tanzania","TZ"
"3322","Tanzania","TZ"
"3323","Tanzania","TZ"
"3324","Tanzania","TZ"
"3325","Tanzania","TZ"
"3326","Tanzania","TZ"
"3327","Tanzania","TZ"
"3328","Tanzania","TZ"
"3329","Tanzania","TZ"
"3330","Tanzania","TZ"
"3331","Tanzania","TZ"
"3332","Tanzania","TZ"
"3333","Tanzania","TZ"
"3334","Tanzania","TZ"
"3335","Uganda","UG"
"3336","Uganda","UG"
"3337","Uganda","UG"
"3338","Uganda","UG"
"3339","Uganda","UG"
"3340","Uganda","UG"
"3341","Uganda","UG"
"3342","Uganda","UG"
"3343","Uganda","UG"
"3344","Uganda","UG"
"3345","Uganda","UG"
"3346","Uganda","UG"
"3347","Uganda","UG"
"3348","Uganda","UG"
"3349","Uganda","UG"
"3350","Uganda","UG"
"3351","Uganda","UG"
"3352","Uganda","UG"
"3353","Ukraine","UA"
"3354","Ukraine","UA"
"3355","Ukraine","UA"
"3356","Ukraine","UA"
"3357","Ukraine","UA"
"3358","Ukraine","UA"
"3359","Ukraine","UA"
"3360","Ukraine","UA"
"3361","Ukraine","UA"
"3362","Ukraine","UA"
"3363","Ukraine","UA"
"3364","Ukraine","UA"
"3365","Ukraine","UA"
"3366","Ukraine","UA"
"3367","Ukraine","UA"
"3368","Ukraine","UA"
"3369","Ukraine","UA"
"3370","Ukraine","UA"
"3371","Uruguay","UY"
"3372","Uruguay","UY"
"3373","Uruguay","UY"
"3374","Uruguay","UY"
"3375","Uruguay","UY"
"3376","Uruguay","UY"
"3377","Uruguay","UY"
"3378","Uruguay","UY"
"3379","Uruguay","UY"
"3380","Uruguay","UY"
"3381","Uruguay","UY"
"3382","Uruguay","UY"
"3383","Uruguay","UY"
"3384","Uruguay","UY"
"3385","Uruguay","UY"
"3386","Uruguay","UY"
"3387","Uruguay","UY"
"3388","Uruguay","UY"
"3389","United States","US"
"3390","United States","US"
"3391","United States","US"
"3392","United States","US"
"3393","United States","US"
"3394","United States","US"
"3395","United States","US"
"3396","United States","US"
"3397","United States","US"
"3398","United States","US"
"3399","United States","US"
"3400","United States","US"
"3401","United States","US"
"3402","United States","US"
"3403","United States","US"
"3404","United States","US"
"3405","United States","US"
"3406","United States","US"
"3407","Uzbekistan","UZ"
"3408","Uzbekistan","UZ"
"3409","Uzbekistan","UZ"
"3410","Uzbekistan","UZ"
"3411","Uzbekistan","UZ"
"3412","Uzbekistan","UZ"
"3413","Uzbekistan","UZ"
"3414","Uzbekistan","UZ"
"3415","Uzbekistan","UZ"
"3416","Uzbekistan","UZ"
"3417","Uzbekistan","UZ"
"3418","Uzbekistan","UZ"
"3419","Uzbekistan","UZ"
"3420","Uzbekistan","UZ"
"3421","Uzbekistan","UZ"
"3422","Uzbekistan","UZ"
"3423","Uzbekistan","UZ"
"3424","Uzbekistan","UZ"
"3425","St. Vincent and the Grenadines","VC"
"3426","St. Vincent and the Grenadines","VC"
"3427","St. Vincent and the Grenadines","VC"
"3428","St. Vincent and the Grenadines","VC"
"3429","St. Vincent and the Grenadines","VC"
"3430","St. Vincent and the Grenadines","VC"
"3431","St. Vincent and the Grenadines","VC"
"3432","St. Vincent and the Grenadines","VC"
"3433","St. Vincent and the Grenadines","VC"
"3434","St. Vincent and the Grenadines","VC"
"3435","St. Vincent and the Grenadines","VC"
"3436","St. Vincent and the Grenadines","VC"
"3437","St. Vincent and the Grenadines","VC"
"3438","St. Vincent and the Grenadines","VC"
"3439","St. Vincent and the Grenadines","VC"
"3440","St. Vincent and the Grenadines","VC"
"3441","St. Vincent and the Grenadines","VC"
"3442","St. Vincent and the Grenadines","VC"
"3443","Venezuela, RB","VE"
"3444","Venezuela, RB","VE"
"3445","Venezuela, RB","VE"
"3446","Venezuela, RB","VE"
"3447","Venezuela, RB","VE"
"3448","Venezuela, RB","VE"
"3449","Venezuela, RB","VE"
"3450","Venezuela, RB","VE"
"3451","Venezuela, RB","VE"
"3452","Venezuela, RB","VE"
"3453","Venezuela, RB","VE"
"3454","Venezuela, RB","VE"
"3455","Venezuela, RB","VE"
"3456","Venezuela, RB","VE"
"3457","Venezuela, RB","VE"
"3458","Venezuela, RB","VE"
"3459","Venezuela, RB","VE"
"3460","Venezuela, RB","VE"
"3461","Virgin Islands (U.S.)","VI"
"3462","Virgin Islands (U.S.)","VI"
"3463","Virgin Islands (U.S.)","VI"
"3464","Virgin Islands (U.S.)","VI"
"3465","Virgin Islands (U.S.)","VI"
"3466","Virgin Islands (U.S.)","VI"
"3467","Virgin Islands (U.S.)","VI"
"3468","Virgin Islands (U.S.)","VI"
"3469","Virgin Islands (U.S.)","VI"
"3470","Virgin Islands (U.S.)","VI"
"3471","Virgin Islands (U.S.)","VI"
"3472","Virgin Islands (U.S.)","VI"
"3473","Virgin Islands (U.S.)","VI"
"3474","Vietnam","VN"
"3475","Vietnam","VN"
"3476","Vietnam","VN"
"3477","Vietnam","VN"
"3478","Vietnam","VN"
"3479","Vietnam","VN"
"3480","Vietnam","VN"
"3481","Vietnam","VN"
"3482","Vietnam","VN"
"3483","Vietnam","VN"
"3484","Vietnam","VN"
"3485","Vietnam","VN"
"3486","Vietnam","VN"
"3487","Vietnam","VN"
"3488","Vietnam","VN"
"3489","Vietnam","VN"
"3490","Vietnam","VN"
"3491","Vietnam","VN"
"3492","Vanuatu","VU"
"3493","Vanuatu","VU"
"3494","Vanuatu","VU"
"3495","Vanuatu","VU"
"3496","Vanuatu","VU"
"3497","Vanuatu","VU"
"3498","Vanuatu","VU"
"3499","Vanuatu","VU"
"3500","Vanuatu","VU"
"3501","Vanuatu","VU"
"3502","Vanuatu","VU"
"3503","Vanuatu","VU"
"3504","Vanuatu","VU"
"3505","Vanuatu","VU"
"3506","Vanuatu","VU"
"3507","Vanuatu","VU"
"3508","Vanuatu","VU"
"3509","Vanuatu","VU"
"3510","Samoa","WS"
"3511","Samoa","WS"
"3512","Samoa","WS"
"3513","Samoa","WS"
"3514","Samoa","WS"
"3515","Samoa","WS"
"3516","Samoa","WS"
"3517","Samoa","WS"
"3518","Samoa","WS"
"3519","Samoa","WS"
"3520","Samoa","WS"
"3521","Samoa","WS"
"3522","Samoa","WS"
"3523","Samoa","WS"
"3524","Samoa","WS"
"3525","Samoa","WS"
"3526","Samoa","WS"
"3527","Samoa","WS"
"3528","Kosovo","XK"
"3529","Kosovo","XK"
"3530","Kosovo","XK"
"3531","Kosovo","XK"
"3532","Kosovo","XK"
"3533","Kosovo","XK"
"3534","Kosovo","XK"
"3535","Kosovo","XK"
"3536","Kosovo","XK"
"3537","Yemen, Rep.","YE"
"3538","Yemen, Rep.","YE"
"3539","Yemen, Rep.","YE"
"3540","Yemen, Rep.","YE"
"3541","Yemen, Rep.","YE"
"3542","Yemen, Rep.","YE"
"3543","Yemen, Rep.","YE"
"3544","Yemen, Rep.","YE"
"3545","Yemen, Rep.","YE"
"3546","Yemen, Rep.","YE"
"3547","Yemen, Rep.","YE"
"3548","Yemen, Rep.","YE"
"3549","Yemen, Rep.","YE"
"3550","Yemen, Rep.","YE"
"3551","Yemen, Rep.","YE"
"3552","Yemen, Rep.","YE"
"3553","Yemen, Rep.","YE"
"3554","Yemen, Rep.","YE"
"3555","South Africa","ZA"
"3556","South Africa","ZA"
"3557","South Africa","ZA"
"3558","South Africa","ZA"
"3559","South Africa","ZA"
"3560","South Africa","ZA"
"3561","South Africa","ZA"
"3562","South Africa","ZA"
"3563","South Africa","ZA"
"3564","South Africa","ZA"
"3565","South Africa","ZA"
"3566","South Africa","ZA"
"3567","South Africa","ZA"
"3568","South Africa","ZA"
"3569","South Africa","ZA"
"3570","South Africa","ZA"
"3571","South Africa","ZA"
"3572","South Africa","ZA"
"3573","Zambia","ZM"
"3574","Zambia","ZM"
"3575","Zambia","ZM"
"3576","Zambia","ZM"
"3577","Zambia","ZM"
"3578","Zambia","ZM"
"3579","Zambia","ZM"
"3580","Zambia","ZM"
"3581","Zambia","ZM"
"3582","Zambia","ZM"
"3583","Zambia","ZM"
"3584","Zambia","ZM"
"3585","Zambia","ZM"
"3586","Zambia","ZM"
"3587","Zambia","ZM"
"3588","Zambia","ZM"
"3589","Zambia","ZM"
"3590","Zambia","ZM"
"3591","Zimbabwe","ZW"
"3592","Zimbabwe","ZW"
"3593","Zimbabwe","ZW"
"3594","Zimbabwe","ZW"
"3595","Zimbabwe","ZW"
"3596","Zimbabwe","ZW"
"3597","Zimbabwe","ZW"
"3598","Zimbabwe","ZW"
"3599","Zimbabwe","ZW"
"3600","Zimbabwe","ZW"
"3601","Zimbabwe","ZW"
"3602","Zimbabwe","ZW"
"3603","Zimbabwe","ZW"
"3604","Zimbabwe","ZW"
"3605","Zimbabwe","ZW"
"3606","Zimbabwe","ZW"
"3607","Zimbabwe","ZW"
"3608","Zimbabwe","ZW"
"3609","Cape Verde","CV"
"3610","Cape Verde","CV"
"3611","Cape Verde","CV"
"3612","Cape Verde","CV"
"3613","Cape Verde","CV"
"3614","Cape Verde","CV"
"3615","Cape Verde","CV"
"3616","Cape Verde","CV"
"3617","Cape Verde","CV"
"3618","Cape Verde","CV"
"3619","Cape Verde","CV"
"3620","Cape Verde","CV"
"3621","Micronesia, Fed. Sts.","FM"
"3622","Micronesia, Fed. Sts.","FM"
"3623","Micronesia, Fed. Sts.","FM"
"3624","Kiribati","KI"
"3625","Kiribati","KI"
"3626","Kiribati","KI"
"3627","St. Kitts and Nevis","KN"
"3628","St. Kitts and Nevis","KN"
"3629","St. Kitts and Nevis","KN"
"3630","Marshall Islands","MH"
"3631","Marshall Islands","MH"
"3632","Marshall Islands","MH"
"3633","Montenegro","ME"
"3634","Tonga","TO"
"3635","Tonga","TO"
"3636","Tonga","TO"
"3637","Tuvalu","TV"
"3638","Tuvalu","TV"
"3639","Kosovo","XK"
"3640","Cape Verde","CV"
